warehouse,SKU,quantity,delivery_date,uom,placement,shelf
New Orleans,90144431,50,2025-08-22,BOX,77,4
Paris,46708200,39,2025-08-22,BOX,177,4
Nairobi,62709687,25,2025-08-25,BOX,90,2
Nairobi,30811180,46,2025-08-20,BOX,173,1
Kyoto,36079198,32,2025-08-16,BOX,70,5
Paris,24355973,28,2025-08-16,BOX,25,4
Astana,88954974,58,2025-08-29,BOX,6,1
Brasília,97724864,93,2025-08-18,BOX,139,1
Buenos Aires,88664403,40,2025-08-24,BOX,192,3
Kyoto,74024543,15,2025-08-22,BOX,23,5
Astana,46671750,46,2025-08-28,BOX,148,5
Paris,58635850,93,2025-08-17,BOX,124,4
Buenos Aires,24740363,32,2025-08-29,BOX,194,3
Kyoto,78707598,84,2025-08-24,BOX,90,1
Madrid,82164498,3,2025-08-21,BOX,12,3
Astana,72170100,13,2025-08-26,BOX,157,5
Las Vegas,66513789,61,2025-08-29,BOX,58,2
Napoli,42903048,99,2025-08-22,BOX,47,1
Buenos Aires,75031949,1,2025-08-23,BOX,85,4
Hanoi,17168706,5,2025-08-17,BOX,37,2
Brasília,56502080,100,2025-08-23,BOX,147,2
Madrid,66513789,42,2025-08-29,BOX,58,5
Billund,51234161,66,2025-08-25,BOX,94,5
Las Vegas,46673149,80,2025-08-19,BOX,160,5
Las Vegas,54384969,60,2025-08-20,BOX,88,5
Brasília,36079198,29,2025-08-17,BOX,55,3
Hanoi,40728582,85,2025-08-19,BOX,51,5
Paris,61157691,7,2025-08-25,BOX,9,3
Astana,70907103,21,2025-08-17,BOX,82,1
Buenos Aires,46708200,30,2025-08-27,BOX,135,4
Hanoi,44893381,32,2025-08-25,BOX,51,5
Košice,88664403,45,2025-08-17,BOX,85,5
Buenos Aires,75831370,40,2025-08-27,BOX,74,5
Brasília,84783963,20,2025-08-19,BOX,110,4
Brasília,88447816,43,2025-08-29,BOX,45,4
Nairobi,20929322,13,2025-08-19,BOX,148,1
Košice,16988648,38,2025-08-25,BOX,134,4
Las Vegas,16546529,40,2025-08-22,BOX,17,3
Napoli,55475483,38,2025-08-17,BOX,161,5
Napoli,36079198,93,2025-08-28,BOX,89,5
New Orleans,18402062,74,2025-08-18,BOX,92,5
Napoli,65595705,52,2025-08-27,BOX,162,2
Kyoto,11360917,14,2025-08-23,BOX,19,4
Napoli,62353205,13,2025-08-16,BOX,199,4
Kyoto,54598736,5,2025-08-21,BOX,6,2
Hanoi,85285127,49,2025-08-18,BOX,51,1
Brasília,22290264,66,2025-08-20,BOX,68,4
Napoli,37464375,71,2025-08-26,BOX,69,2
Napoli,63993191,28,2025-08-22,BOX,2,4
Brasília,82690658,92,2025-08-18,BOX,172,4
Billund,32443652,97,2025-08-24,BOX,105,4
Billund,44893381,5,2025-08-23,BOX,56,1
Chicago,24355973,52,2025-08-16,BOX,75,5
Madrid,92672362,97,2025-08-22,BOX,95,1
Hanoi,11360917,5,2025-08-29,BOX,182,5
Hanoi,41848069,83,2025-08-23,BOX,165,5
Kyoto,23855024,51,2025-08-25,BOX,6,1
Napoli,89307752,64,2025-08-22,BOX,172,3
Kyoto,91468175,84,2025-08-17,BOX,191,1
Hanoi,62668917,5,2025-08-17,BOX,129,3
Chicago,88664403,29,2025-08-28,BOX,169,4
Košice,84783963,51,2025-08-20,BOX,181,5
Kyoto,54384969,20,2025-08-22,BOX,169,4
Brasília,32443652,26,2025-08-29,BOX,113,4
Brasília,81570333,90,2025-08-27,BOX,145,4
Paris,59787514,58,2025-08-28,BOX,144,4
Billund,96737662,5,2025-08-16,BOX,169,3
Brasília,87633338,82,2025-08-22,BOX,94,5
Las Vegas,63993191,12,2025-08-19,BOX,113,2
Astana,42903048,88,2025-08-29,BOX,95,2
Hanoi,57547517,39,2025-08-24,BOX,170,4
Nairobi,49035499,72,2025-08-21,BOX,108,3
Hanoi,48028821,3,2025-08-22,BOX,126,2
Nairobi,63993191,48,2025-08-19,BOX,76,4
Billund,93937087,83,2025-08-29,BOX,9,5
Madrid,17130808,68,2025-08-25,BOX,141,3
Napoli,46673149,38,2025-08-20,BOX,95,5
Nairobi,77244724,40,2025-08-28,BOX,169,3
Kyoto,56960374,71,2025-08-25,BOX,53,3
Hanoi,47719696,32,2025-08-28,BOX,6,5
Brasília,91468175,28,2025-08-28,BOX,118,4
Las Vegas,62668917,82,2025-08-27,BOX,88,4
Napoli,44893381,74,2025-08-26,BOX,104,2
Las Vegas,60942140,21,2025-08-27,BOX,73,3
Madrid,87633338,23,2025-08-27,BOX,129,4
Chicago,20732417,1,2025-08-28,BOX,144,4
Chicago,88954974,36,2025-08-29,BOX,5,3
Chicago,99111914,93,2025-08-21,BOX,51,4
Paris,95404043,65,2025-08-28,BOX,128,5
Kyoto,88664403,27,2025-08-22,BOX,109,4
Nairobi,19492526,96,2025-08-25,BOX,144,4
Brasília,71568423,8,2025-08-21,BOX,52,5
Nairobi,41399863,70,2025-08-17,BOX,119,4
Košice,60942140,37,2025-08-21,BOX,155,3
Las Vegas,30811180,43,2025-08-23,BOX,142,1
Košice,87528770,23,2025-08-20,BOX,26,5
New Orleans,44893381,90,2025-08-22,BOX,74,1
Billund,87633338,96,2025-08-21,BOX,97,3
Kyoto,23792176,35,2025-08-23,BOX,114,4
Hanoi,79035651,93,2025-08-17,BOX,102,1
Košice,55475483,79,2025-08-26,BOX,4,3
New Orleans,88447816,63,2025-08-16,BOX,6,2
Astana,62668917,47,2025-08-26,BOX,172,1
Buenos Aires,45615280,68,2025-08-29,BOX,177,4
Chicago,57698208,54,2025-08-26,BOX,7,1
Nairobi,98018344,84,2025-08-20,BOX,104,5
Chicago,57547517,43,2025-08-21,BOX,51,2
Buenos Aires,20372968,74,2025-08-20,BOX,132,2
Kyoto,92672362,86,2025-08-18,BOX,137,3
Napoli,43944787,100,2025-08-23,BOX,113,4
Billund,88447816,25,2025-08-25,BOX,84,1
Košice,11685571,25,2025-08-27,BOX,64,4
Astana,27798366,33,2025-08-23,BOX,162,2
Chicago,17453175,14,2025-08-28,BOX,36,2
Madrid,81729288,12,2025-08-29,BOX,143,4
Buenos Aires,99111914,12,2025-08-25,BOX,113,3
Brasília,12241331,14,2025-08-28,BOX,93,5
Napoli,81729288,34,2025-08-22,BOX,89,5
Hanoi,14334777,50,2025-08-23,BOX,187,1
Hanoi,88447816,76,2025-08-25,BOX,88,1
Billund,39215796,57,2025-08-16,BOX,34,4
Madrid,18506990,93,2025-08-24,BOX,12,3
Madrid,78707598,1,2025-08-24,BOX,19,4
Hanoi,32400502,89,2025-08-17,BOX,145,3
Napoli,24740363,78,2025-08-16,BOX,156,3
Kyoto,89307752,88,2025-08-18,BOX,157,3
New Orleans,82690658,19,2025-08-20,BOX,38,4
Košice,84350729,53,2025-08-24,BOX,55,5
Kyoto,45615280,62,2025-08-16,BOX,32,5
Brasília,92715521,53,2025-08-23,BOX,195,2
Astana,81570333,84,2025-08-16,BOX,145,4
Las Vegas,92672362,30,2025-08-20,BOX,183,1
Kyoto,75831370,2,2025-08-29,BOX,118,5
Las Vegas,78707598,51,2025-08-29,BOX,194,2
Buenos Aires,61157691,50,2025-08-22,BOX,163,1
Nairobi,85266556,84,2025-08-24,BOX,12,1
Chicago,42441663,77,2025-08-25,BOX,4,3
Nairobi,60942140,97,2025-08-25,BOX,25,5
New Orleans,18565869,8,2025-08-20,BOX,129,4
Napoli,43164692,28,2025-08-24,BOX,165,5
Madrid,63993191,57,2025-08-20,BOX,61,4
Paris,26647973,32,2025-08-25,BOX,52,1
Hanoi,43164692,1,2025-08-26,BOX,55,2
Nairobi,95404043,20,2025-08-24,BOX,97,4
Las Vegas,88954974,97,2025-08-24,BOX,62,3
Napoli,90794424,59,2025-08-28,BOX,10,4
Napoli,72603018,23,2025-08-22,BOX,69,4
Las Vegas,39912456,83,2025-08-27,BOX,65,3
Chicago,23792176,47,2025-08-27,BOX,192,2
New Orleans,48028821,99,2025-08-20,BOX,62,2
Napoli,96700462,82,2025-08-24,BOX,150,4
Las Vegas,97539225,69,2025-08-25,BOX,130,2
Chicago,66513789,79,2025-08-19,BOX,4,2
Chicago,32392015,12,2025-08-22,BOX,4,5
Košice,54030398,42,2025-08-28,BOX,40,3
Chicago,11685571,75,2025-08-21,BOX,89,4
Astana,24355973,14,2025-08-21,BOX,41,1
Brasília,45686700,68,2025-08-29,BOX,122,3
Kyoto,90667057,94,2025-08-28,BOX,170,2
Hanoi,42402069,87,2025-08-17,BOX,10,2
Billund,94194918,66,2025-08-20,BOX,2,4
Nairobi,75031949,3,2025-08-23,BOX,58,5
Košice,71568423,29,2025-08-26,BOX,39,1
Nairobi,92268084,59,2025-08-17,BOX,199,5
Košice,48028821,51,2025-08-28,BOX,68,3
Hanoi,20803508,85,2025-08-23,BOX,92,3
Košice,72603018,10,2025-08-25,BOX,94,1
Astana,41367741,55,2025-08-18,BOX,63,1
Napoli,85266556,45,2025-08-16,BOX,68,4
Kyoto,61509747,34,2025-08-26,BOX,145,3
Paris,21205569,13,2025-08-25,BOX,41,5
Napoli,71980475,51,2025-08-21,BOX,11,2
Hanoi,98397958,94,2025-08-26,BOX,126,1
Brasília,51234161,19,2025-08-23,BOX,155,4
Napoli,59428173,25,2025-08-17,BOX,123,1
New Orleans,54929034,58,2025-08-17,BOX,168,5
Madrid,59428173,84,2025-08-18,BOX,123,2
Kyoto,20803508,17,2025-08-29,BOX,36,1
Kyoto,41399863,16,2025-08-22,BOX,16,5
Napoli,27798366,11,2025-08-16,BOX,172,5
Brasília,98018344,98,2025-08-21,BOX,65,2
Buenos Aires,87528770,29,2025-08-19,BOX,107,3
Chicago,93937087,73,2025-08-16,BOX,139,3
Napoli,50718994,4,2025-08-28,BOX,163,3
Buenos Aires,88447816,57,2025-08-28,BOX,35,5
Buenos Aires,74024543,96,2025-08-22,BOX,36,1
Astana,98018344,1,2025-08-26,BOX,56,5
Brasília,29544827,59,2025-08-22,BOX,134,1
Kyoto,60733997,70,2025-08-27,BOX,58,1
Paris,20929322,90,2025-08-28,BOX,22,2
Paris,67272159,44,2025-08-24,BOX,38,5
Brasília,90794424,45,2025-08-27,BOX,115,5
Madrid,80655955,79,2025-08-25,BOX,79,2
Billund,97539225,16,2025-08-20,BOX,139,2
Paris,44893381,74,2025-08-21,BOX,165,1
Paris,98397958,46,2025-08-16,BOX,77,4
Astana,77244724,91,2025-08-18,BOX,181,4
Košice,39215796,47,2025-08-22,BOX,196,1
New Orleans,80074846,42,2025-08-26,BOX,118,4
Kyoto,54463973,17,2025-08-17,BOX,153,2
Astana,17168706,21,2025-08-29,BOX,16,5
Brasília,85285127,88,2025-08-24,BOX,135,1
Astana,25266942,42,2025-08-16,BOX,84,2
Buenos Aires,80074846,4,2025-08-25,BOX,103,5
Paris,88447816,11,2025-08-17,BOX,173,5
Brasília,55475483,19,2025-08-29,BOX,37,4
Billund,79035651,62,2025-08-21,BOX,49,4
Las Vegas,71980475,31,2025-08-20,BOX,88,1
Kyoto,17130808,12,2025-08-23,BOX,18,5
New Orleans,57698208,13,2025-08-20,BOX,195,1
Hanoi,30811180,96,2025-08-17,BOX,38,2
Košice,54384969,21,2025-08-28,BOX,149,5
Brasília,21754460,78,2025-08-17,BOX,125,4
Buenos Aires,43944787,63,2025-08-18,BOX,131,4
Kyoto,32400502,44,2025-08-23,BOX,133,2
Billund,26647973,91,2025-08-25,BOX,52,4
New Orleans,71857900,6,2025-08-29,BOX,51,2
Napoli,95404043,72,2025-08-20,BOX,160,2
Paris,36079198,4,2025-08-25,BOX,167,4
Las Vegas,96700462,27,2025-08-18,BOX,183,3
Billund,66513789,86,2025-08-18,BOX,40,2
Chicago,59781679,39,2025-08-25,BOX,36,1
Astana,51234161,43,2025-08-28,BOX,72,1
Billund,84350729,34,2025-08-24,BOX,83,3
Billund,91468175,100,2025-08-19,BOX,3,5
Las Vegas,55475483,59,2025-08-25,BOX,158,2
Hanoi,84350729,24,2025-08-25,BOX,7,1
Las Vegas,39215796,75,2025-08-19,BOX,70,3
Kyoto,40728582,2,2025-08-28,BOX,16,5
Napoli,60445857,87,2025-08-27,BOX,7,4
Chicago,96346312,13,2025-08-26,BOX,125,1
Brasília,54598736,87,2025-08-19,BOX,142,2
Kyoto,42903048,84,2025-08-26,BOX,5,5
New Orleans,25318286,81,2025-08-23,BOX,125,1
Košice,74039479,95,2025-08-26,BOX,169,5
Napoli,20803508,69,2025-08-22,BOX,71,4
Kyoto,20732417,93,2025-08-23,BOX,135,4
Buenos Aires,80655955,78,2025-08-17,BOX,30,5
Košice,97539225,44,2025-08-19,BOX,91,5
Madrid,82752871,96,2025-08-22,BOX,31,1
Nairobi,82690658,84,2025-08-25,BOX,60,2
Brasília,46671750,31,2025-08-18,BOX,16,4
Napoli,32443652,48,2025-08-18,BOX,162,5
Billund,22290264,56,2025-08-19,BOX,83,3
Madrid,59787514,65,2025-08-26,BOX,91,5
Billund,82850786,1,2025-08-29,BOX,133,1
Kyoto,18565869,51,2025-08-26,BOX,67,1
Napoli,46671750,67,2025-08-24,BOX,112,2
Nairobi,72170100,86,2025-08-25,BOX,70,3
Kyoto,24740363,11,2025-08-24,BOX,137,1
Nairobi,56726926,33,2025-08-20,BOX,163,1
Napoli,96346312,32,2025-08-29,BOX,26,4
Chicago,21205569,51,2025-08-28,BOX,87,2
Hanoi,88954974,61,2025-08-27,BOX,55,1
Billund,90144431,15,2025-08-28,BOX,26,4
Napoli,54929034,57,2025-08-28,BOX,189,1
Hanoi,59787514,16,2025-08-25,BOX,158,1
Napoli,97814592,75,2025-08-22,BOX,175,4
Billund,11360917,53,2025-08-28,BOX,31,1
New Orleans,63993191,4,2025-08-23,BOX,8,4
Astana,54384969,54,2025-08-28,BOX,68,5
Madrid,30811180,2,2025-08-16,BOX,129,3
Kyoto,84783963,51,2025-08-20,BOX,170,3
New Orleans,42402069,80,2025-08-29,BOX,157,5
Košice,65595705,74,2025-08-19,BOX,51,3
Košice,45615280,48,2025-08-23,BOX,8,1
Chicago,28343414,72,2025-08-18,BOX,2,5
Brasília,81729288,48,2025-08-27,BOX,20,3
Buenos Aires,20803508,23,2025-08-24,BOX,20,4
Billund,23863728,83,2025-08-23,BOX,160,1
Las Vegas,89307752,14,2025-08-20,BOX,112,4
Brasília,24985277,52,2025-08-20,BOX,22,2
Brasília,66513789,32,2025-08-16,BOX,109,4
Chicago,43944787,22,2025-08-23,BOX,170,5
Chicago,97761535,49,2025-08-21,BOX,155,3
Nairobi,62680688,80,2025-08-26,BOX,7,3
Napoli,61509747,40,2025-08-23,BOX,127,4
Kyoto,82690658,13,2025-08-25,BOX,91,3
Brasília,67272159,36,2025-08-27,BOX,198,3
Kyoto,81731523,4,2025-08-26,BOX,185,4
Chicago,25266942,91,2025-08-27,BOX,27,2
Billund,82690658,34,2025-08-19,BOX,118,2
Madrid,93495675,22,2025-08-24,BOX,137,3
New Orleans,54030398,57,2025-08-28,BOX,8,3
Hanoi,23792176,7,2025-08-29,BOX,22,5
Chicago,47719696,61,2025-08-26,BOX,123,4
Paris,60733997,93,2025-08-25,BOX,111,5
Hanoi,74024543,33,2025-08-20,BOX,167,2
Nairobi,26238125,5,2025-08-18,BOX,7,3
Kyoto,58635850,94,2025-08-26,BOX,137,3
Paris,72603018,96,2025-08-26,BOX,112,1
Buenos Aires,71568423,39,2025-08-16,BOX,140,1
Paris,97761535,56,2025-08-27,BOX,179,3
Kyoto,21988669,35,2025-08-24,BOX,115,5
Buenos Aires,82164498,30,2025-08-17,BOX,58,2
New Orleans,17453175,3,2025-08-27,BOX,183,2
Napoli,97761535,6,2025-08-19,BOX,184,1
Astana,24740363,63,2025-08-28,BOX,103,4
Hanoi,32443652,92,2025-08-26,BOX,128,1
Brasília,78770832,79,2025-08-27,BOX,11,1
New Orleans,18367499,2,2025-08-18,BOX,116,3
New Orleans,55475483,61,2025-08-28,BOX,29,2
Billund,96346312,54,2025-08-28,BOX,82,4
Buenos Aires,77244724,96,2025-08-16,BOX,148,2
Hanoi,22290264,30,2025-08-24,BOX,186,1
Napoli,28343414,80,2025-08-21,BOX,42,1
Nairobi,51683321,94,2025-08-21,BOX,121,4
Košice,94194918,71,2025-08-22,BOX,30,4
Las Vegas,51234161,73,2025-08-21,BOX,105,2
Napoli,61157691,87,2025-08-29,BOX,114,4
Košice,10421203,32,2025-08-18,BOX,179,1
Madrid,31313114,68,2025-08-20,BOX,18,3
Košice,72170100,71,2025-08-25,BOX,58,4
Chicago,11360917,68,2025-08-27,BOX,16,4
Nairobi,46708200,24,2025-08-28,BOX,149,2
Brasília,59787514,92,2025-08-29,BOX,72,2
Las Vegas,24740363,84,2025-08-21,BOX,97,5
Las Vegas,90667057,65,2025-08-26,BOX,185,3
New Orleans,94726141,19,2025-08-22,BOX,135,1
Chicago,85266556,62,2025-08-22,BOX,23,4
Košice,60733997,55,2025-08-28,BOX,98,4
Madrid,99111914,19,2025-08-22,BOX,165,1
Kyoto,80655955,46,2025-08-17,BOX,53,3
Buenos Aires,50718994,77,2025-08-29,BOX,73,3
Nairobi,24888769,17,2025-08-20,BOX,107,3
New Orleans,19114005,11,2025-08-16,BOX,184,2
Astana,31313114,71,2025-08-20,BOX,1,1
Paris,64344002,69,2025-08-22,BOX,57,4
Napoli,97198496,78,2025-08-24,BOX,197,3
Napoli,62680688,39,2025-08-19,BOX,194,2
Las Vegas,78770832,23,2025-08-24,BOX,35,4
Chicago,25318286,16,2025-08-21,BOX,90,5
Košice,98037014,40,2025-08-17,BOX,133,3
Hanoi,20732417,31,2025-08-20,BOX,145,3
Las Vegas,32392015,40,2025-08-19,BOX,134,3
Madrid,32392015,71,2025-08-20,BOX,16,4
New Orleans,37464375,57,2025-08-29,BOX,82,1
Napoli,33451509,77,2025-08-28,BOX,155,1
Las Vegas,96737662,3,2025-08-27,BOX,147,2
Nairobi,31275576,57,2025-08-19,BOX,79,1
Chicago,46442583,92,2025-08-29,BOX,101,4
Chicago,41367741,58,2025-08-22,BOX,28,5
Madrid,19492526,22,2025-08-29,BOX,156,2
Nairobi,24740363,63,2025-08-25,BOX,59,1
Brasília,80655955,93,2025-08-27,BOX,137,5
Paris,74039479,14,2025-08-19,BOX,67,2
Košice,56726926,83,2025-08-16,BOX,81,5
Buenos Aires,11360917,52,2025-08-21,BOX,164,4
Nairobi,54384969,73,2025-08-21,BOX,9,5
Paris,30811180,61,2025-08-25,BOX,25,4
Hanoi,51257229,1,2025-08-26,BOX,49,5
Hanoi,98018344,16,2025-08-21,BOX,103,4
Hanoi,93937087,4,2025-08-18,BOX,110,5
Buenos Aires,96712886,7,2025-08-29,BOX,112,2
Buenos Aires,18840655,26,2025-08-29,BOX,134,2
Hanoi,58635850,97,2025-08-19,BOX,81,1
Nairobi,48028821,83,2025-08-16,BOX,26,1
Madrid,61509747,72,2025-08-20,BOX,131,4
Madrid,24740363,58,2025-08-25,BOX,109,3
Kyoto,21754460,45,2025-08-26,BOX,101,5
Košice,15278256,85,2025-08-23,BOX,198,3
Billund,17168706,51,2025-08-24,BOX,132,2
Brasília,96700462,9,2025-08-26,BOX,76,3
Billund,96712886,73,2025-08-22,BOX,157,5
Astana,98397958,33,2025-08-18,BOX,98,2
Košice,75031949,66,2025-08-26,BOX,11,4
Brasília,23863728,44,2025-08-21,BOX,105,1
Kyoto,54929034,28,2025-08-17,BOX,50,4
Košice,19885636,85,2025-08-25,BOX,50,3
Kyoto,48028821,38,2025-08-17,BOX,89,2
Buenos Aires,81570333,34,2025-08-25,BOX,47,2
Nairobi,62668917,89,2025-08-19,BOX,101,5
Kyoto,82164498,39,2025-08-26,BOX,169,2
Astana,98037014,10,2025-08-27,BOX,141,1
Košice,81729288,9,2025-08-21,BOX,127,5
Madrid,32400502,46,2025-08-22,BOX,3,2
Madrid,25266942,1,2025-08-16,BOX,119,3
Las Vegas,21205569,98,2025-08-20,BOX,129,1
Nairobi,87633338,50,2025-08-27,BOX,8,3
Napoli,71857900,94,2025-08-27,BOX,160,3
Nairobi,96346312,41,2025-08-17,BOX,72,2
New Orleans,96737662,34,2025-08-24,BOX,149,3
Košice,14334777,85,2025-08-28,BOX,108,1
Napoli,20372968,17,2025-08-19,BOX,48,4
Madrid,54384969,75,2025-08-28,BOX,133,1
Madrid,92715521,28,2025-08-17,BOX,37,5
Madrid,71857900,98,2025-08-27,BOX,146,3
Chicago,90794424,70,2025-08-23,BOX,193,4
New Orleans,39912456,53,2025-08-18,BOX,25,3
Astana,40728582,2,2025-08-24,BOX,96,2
Napoli,60942140,7,2025-08-17,BOX,9,2
Buenos Aires,54030398,48,2025-08-29,BOX,12,3
Astana,47719696,40,2025-08-17,BOX,105,2
Las Vegas,62680688,22,2025-08-24,BOX,60,3
Paris,12951182,12,2025-08-27,BOX,77,3
New Orleans,40728582,35,2025-08-20,BOX,127,2
Hanoi,60733997,90,2025-08-17,BOX,177,1
Brasília,93495675,59,2025-08-23,BOX,73,2
Astana,63993191,14,2025-08-28,BOX,4,2
Chicago,60733997,12,2025-08-20,BOX,23,5
Napoli,18402062,70,2025-08-19,BOX,158,1
Billund,18565869,20,2025-08-20,BOX,91,2
Paris,23863728,19,2025-08-18,BOX,175,4
Hanoi,37464375,8,2025-08-25,BOX,31,5
Buenos Aires,41367741,49,2025-08-21,BOX,173,4
Las Vegas,40728582,78,2025-08-22,BOX,172,4
Paris,16546529,28,2025-08-25,BOX,138,4
Madrid,15278256,97,2025-08-19,BOX,23,4
Kyoto,55475483,34,2025-08-22,BOX,85,3
Paris,43164692,63,2025-08-29,BOX,189,3
Nairobi,54030398,6,2025-08-24,BOX,13,5
Brasília,96737662,79,2025-08-27,BOX,185,5
Astana,44893381,7,2025-08-18,BOX,126,5
Madrid,71181554,54,2025-08-24,BOX,52,3
Brasília,77244724,7,2025-08-25,BOX,99,2
Billund,37464375,90,2025-08-16,BOX,76,1
New Orleans,90667057,48,2025-08-28,BOX,37,5
Košice,81731523,73,2025-08-18,BOX,182,1
Paris,18840655,44,2025-08-17,BOX,82,2
Hanoi,74039479,28,2025-08-28,BOX,157,5
Chicago,85314939,83,2025-08-20,BOX,129,2
New Orleans,59787514,45,2025-08-21,BOX,115,4
Madrid,42402069,45,2025-08-21,BOX,151,4
Chicago,54929034,91,2025-08-26,BOX,134,1
Kyoto,98018344,43,2025-08-21,BOX,71,3
Košice,88954974,99,2025-08-22,BOX,100,1
New Orleans,43164692,53,2025-08-25,BOX,101,3
New Orleans,72170100,21,2025-08-27,BOX,91,1
Brasília,15278256,31,2025-08-18,BOX,15,1
Las Vegas,90794424,48,2025-08-24,BOX,36,4
Las Vegas,59737586,68,2025-08-16,BOX,53,4
Kyoto,85285127,98,2025-08-28,BOX,70,1
Košice,17453175,74,2025-08-18,BOX,90,1
Las Vegas,82752871,67,2025-08-24,BOX,143,3
Košice,62680688,90,2025-08-23,BOX,129,2
Paris,98037014,68,2025-08-18,BOX,122,5
Las Vegas,67272159,50,2025-08-23,BOX,116,4
Kyoto,73130508,12,2025-08-18,BOX,67,2
Nairobi,18565869,89,2025-08-21,BOX,48,1
Košice,78770832,5,2025-08-23,BOX,171,1
New Orleans,88954974,59,2025-08-27,BOX,141,5
Brasília,20372968,65,2025-08-19,BOX,187,2
New Orleans,41848069,11,2025-08-24,BOX,18,3
Kyoto,18840655,66,2025-08-24,BOX,52,2
Brasília,96512345,50,2025-08-25,BOX,2,4
Kyoto,10421203,14,2025-08-25,BOX,74,3
Košice,51234161,20,2025-08-21,BOX,94,4
Hanoi,26238125,31,2025-08-21,BOX,53,3
Chicago,97814592,70,2025-08-17,BOX,51,1
Hanoi,71980475,82,2025-08-29,BOX,22,5
Paris,84783963,1,2025-08-20,BOX,181,3
Kyoto,65595705,23,2025-08-17,BOX,159,5
Nairobi,51234161,75,2025-08-25,BOX,138,3
Napoli,81570333,94,2025-08-29,BOX,108,4
Paris,89307752,34,2025-08-19,BOX,18,2
Kyoto,60942140,10,2025-08-29,BOX,46,3
Brasília,79035651,67,2025-08-24,BOX,52,4
Nairobi,60445857,50,2025-08-21,BOX,20,1
New Orleans,60942140,36,2025-08-17,BOX,150,1
Buenos Aires,56502080,63,2025-08-29,BOX,181,4
Brasília,33451509,15,2025-08-16,BOX,5,4
Paris,19885636,98,2025-08-24,BOX,75,1
New Orleans,92268084,62,2025-08-22,BOX,179,4
Košice,23792176,100,2025-08-27,BOX,7,1
Napoli,18840655,31,2025-08-28,BOX,5,5
Hanoi,98037014,63,2025-08-28,BOX,141,2
Paris,11685571,29,2025-08-21,BOX,17,2
Chicago,72170100,47,2025-08-24,BOX,125,4
Napoli,18367499,53,2025-08-22,BOX,3,4
Nairobi,56960374,1,2025-08-23,BOX,177,3
Paris,57547517,67,2025-08-20,BOX,182,3
New Orleans,59737586,45,2025-08-17,BOX,94,1
Brasília,73130508,6,2025-08-27,BOX,17,1
Košice,22290264,6,2025-08-22,BOX,104,4
Košice,12951182,65,2025-08-25,BOX,63,3
Astana,71181554,47,2025-08-25,BOX,160,4
Billund,42441663,46,2025-08-22,BOX,199,3
New Orleans,60445857,38,2025-08-22,BOX,119,3
Buenos Aires,10421203,24,2025-08-16,BOX,122,3
Paris,24985277,3,2025-08-24,BOX,46,2
Las Vegas,47719696,81,2025-08-27,BOX,164,3
Kyoto,75031949,36,2025-08-19,BOX,65,4
Napoli,54384969,15,2025-08-21,BOX,187,5
Buenos Aires,24985277,22,2025-08-29,BOX,102,1
Astana,97198496,38,2025-08-22,BOX,121,1
Brasília,62709687,65,2025-08-22,BOX,146,3
Paris,11360917,64,2025-08-24,BOX,30,4
Hanoi,28343414,57,2025-08-20,BOX,116,4
Astana,25318286,51,2025-08-26,BOX,60,2
Brasília,49035499,80,2025-08-29,BOX,19,3
Napoli,84783963,96,2025-08-16,BOX,108,3
Hanoi,63993191,10,2025-08-26,BOX,111,5
Nairobi,81731523,20,2025-08-25,BOX,73,5
Košice,12241331,98,2025-08-18,BOX,24,2
Madrid,94194918,43,2025-08-25,BOX,39,5
Hanoi,21988669,85,2025-08-21,BOX,93,3
New Orleans,19885636,7,2025-08-16,BOX,162,5
Astana,54929034,34,2025-08-24,BOX,115,3
Paris,80074846,57,2025-08-18,BOX,165,5
Chicago,59787514,74,2025-08-21,BOX,99,5
Billund,56960374,70,2025-08-28,BOX,146,4
Chicago,87633338,34,2025-08-24,BOX,80,3
Nairobi,16546529,70,2025-08-22,BOX,20,3
Buenos Aires,93937087,32,2025-08-28,BOX,172,2
Nairobi,61157691,54,2025-08-26,BOX,67,1
Košice,18840655,60,2025-08-19,BOX,85,3
Paris,85314939,53,2025-08-18,BOX,24,1
Chicago,54598736,79,2025-08-28,BOX,26,3
Košice,54929034,18,2025-08-29,BOX,194,4
Astana,26647973,8,2025-08-26,BOX,91,4
Billund,43164692,83,2025-08-25,BOX,124,2
Chicago,56960374,88,2025-08-19,BOX,71,5
Las Vegas,59781679,78,2025-08-28,BOX,192,1
New Orleans,60733997,81,2025-08-26,BOX,32,3
Madrid,45615280,61,2025-08-28,BOX,138,5
Kyoto,84350729,57,2025-08-28,BOX,24,2
Košice,80074846,42,2025-08-19,BOX,122,1
Kyoto,88447816,59,2025-08-29,BOX,180,4
Paris,14334777,14,2025-08-27,BOX,24,1
Nairobi,71568423,18,2025-08-18,BOX,25,3
New Orleans,81729288,20,2025-08-28,BOX,181,1
Billund,97724864,41,2025-08-21,BOX,108,4
Kyoto,19885636,86,2025-08-28,BOX,95,5
Billund,16546529,42,2025-08-18,BOX,3,1
Košice,26238125,87,2025-08-29,BOX,157,1
Nairobi,19885636,65,2025-08-23,BOX,77,5
Paris,46673149,90,2025-08-21,BOX,61,3
Napoli,64344002,18,2025-08-26,BOX,86,5
Buenos Aires,90667057,16,2025-08-21,BOX,3,4
Napoli,26238125,55,2025-08-29,BOX,189,1
Nairobi,66513789,21,2025-08-29,BOX,3,3
Las Vegas,23863728,98,2025-08-27,BOX,58,1
Paris,92715521,77,2025-08-16,BOX,38,2
Billund,41399863,63,2025-08-28,BOX,51,2
Billund,46708200,86,2025-08-17,BOX,165,5
Košice,41367741,8,2025-08-29,BOX,100,4
New Orleans,94194918,22,2025-08-22,BOX,5,5
Astana,42441663,7,2025-08-26,BOX,56,3
Madrid,51234161,57,2025-08-23,BOX,20,2
Košice,75831370,57,2025-08-23,BOX,56,2
Nairobi,12241331,47,2025-08-17,BOX,122,5
New Orleans,82164498,71,2025-08-18,BOX,12,2
Las Vegas,73130508,12,2025-08-19,BOX,67,5
Buenos Aires,59428173,30,2025-08-21,BOX,110,2
Las Vegas,27798366,52,2025-08-29,BOX,105,2
Brasília,87528770,66,2025-08-18,BOX,95,4
Las Vegas,51683321,67,2025-08-21,BOX,58,1
Kyoto,44893381,39,2025-08-26,BOX,147,4
Kyoto,62668917,51,2025-08-21,BOX,191,1
Astana,85266556,56,2025-08-20,BOX,57,2
Košice,21205569,37,2025-08-21,BOX,196,3
Nairobi,72284197,62,2025-08-27,BOX,22,3
Billund,62353205,9,2025-08-18,BOX,72,2
Nairobi,52504998,29,2025-08-26,BOX,182,3
Buenos Aires,81729288,59,2025-08-22,BOX,112,4
Buenos Aires,59787514,61,2025-08-17,BOX,182,4
Brasília,82164498,33,2025-08-18,BOX,143,2
Brasília,18402062,71,2025-08-19,BOX,86,1
Napoli,17168706,38,2025-08-20,BOX,117,1
New Orleans,21988669,40,2025-08-29,BOX,81,5
Košice,28343414,44,2025-08-22,BOX,33,5
Chicago,97198496,99,2025-08-24,BOX,83,1
Madrid,56726926,15,2025-08-23,BOX,108,5
Billund,88954974,17,2025-08-29,BOX,72,4
Astana,43944787,37,2025-08-16,BOX,47,4
Košice,41848069,15,2025-08-19,BOX,169,5
Chicago,24985277,18,2025-08-21,BOX,55,1
Nairobi,98397958,4,2025-08-23,BOX,89,5
Hanoi,56502080,61,2025-08-19,BOX,197,1
Buenos Aires,42441663,35,2025-08-19,BOX,146,3
Astana,95404043,73,2025-08-28,BOX,77,3
Astana,56726926,78,2025-08-23,BOX,18,4
Kyoto,24985277,40,2025-08-21,BOX,40,2
Chicago,54463973,36,2025-08-21,BOX,58,3
Hanoi,16988648,1,2025-08-22,BOX,14,3
Kyoto,90144431,50,2025-08-16,BOX,144,2
Paris,54384969,33,2025-08-29,BOX,167,5
Napoli,14334777,31,2025-08-28,BOX,175,1
Madrid,22290264,87,2025-08-20,BOX,17,2
Hanoi,33451509,71,2025-08-24,BOX,114,2
Nairobi,16681125,34,2025-08-26,BOX,174,3
Košice,26647973,66,2025-08-21,BOX,2,3
Las Vegas,71857900,56,2025-08-16,BOX,173,3
Kyoto,18506990,94,2025-08-28,BOX,103,4
Kyoto,50718994,55,2025-08-25,BOX,196,2
Napoli,47719696,67,2025-08-19,BOX,131,2
Paris,75831370,63,2025-08-21,BOX,29,2
Astana,97539225,16,2025-08-16,BOX,98,3
Las Vegas,71568423,81,2025-08-16,BOX,90,1
Chicago,71568423,72,2025-08-29,BOX,174,3
Chicago,58635850,97,2025-08-25,BOX,158,2
New Orleans,45615280,91,2025-08-29,BOX,117,4
Nairobi,97814592,48,2025-08-28,BOX,19,2
Hanoi,57698208,90,2025-08-19,BOX,5,5
Billund,88664403,72,2025-08-22,BOX,80,4
Madrid,20372968,99,2025-08-28,BOX,55,2
Nairobi,67272159,86,2025-08-23,BOX,159,1
Astana,79035651,18,2025-08-21,BOX,38,4
Buenos Aires,41399863,98,2025-08-27,BOX,58,1
Astana,85285127,45,2025-08-24,BOX,45,5
Billund,59787514,66,2025-08-26,BOX,66,3
Las Vegas,49035499,83,2025-08-21,BOX,29,5
New Orleans,52504998,5,2025-08-29,BOX,93,1
Košice,31275576,49,2025-08-19,BOX,60,4
Madrid,97761535,24,2025-08-19,BOX,185,3
Billund,72603018,31,2025-08-28,BOX,119,1
Paris,56502080,57,2025-08-24,BOX,148,2
Brasília,32400502,64,2025-08-25,BOX,44,4
Brasília,41367741,68,2025-08-20,BOX,130,2
Napoli,39215796,12,2025-08-17,BOX,80,4
Kyoto,18367499,31,2025-08-20,BOX,11,5
Las Vegas,14334777,90,2025-08-16,BOX,38,5
Astana,61509747,61,2025-08-22,BOX,190,4
Paris,21988669,100,2025-08-23,BOX,91,2
Buenos Aires,84350729,22,2025-08-19,BOX,87,3
Brasília,30295812,3,2025-08-28,BOX,165,3
Las Vegas,23792176,66,2025-08-22,BOX,129,3
Košice,96737662,100,2025-08-21,BOX,66,4
Las Vegas,79035651,64,2025-08-26,BOX,108,4
Paris,46671750,1,2025-08-23,BOX,125,4
Astana,55475483,66,2025-08-23,BOX,76,4
Las Vegas,54598736,51,2025-08-22,BOX,7,1
Hanoi,32392015,27,2025-08-23,BOX,91,1
Hanoi,72603018,66,2025-08-16,BOX,41,2
Nairobi,97198496,24,2025-08-18,BOX,53,5
Chicago,90144431,86,2025-08-23,BOX,52,2
Las Vegas,52504998,73,2025-08-19,BOX,97,3
Las Vegas,72603018,43,2025-08-20,BOX,135,3
Nairobi,29544827,63,2025-08-29,BOX,49,2
Las Vegas,57547517,23,2025-08-17,BOX,92,2
Chicago,82690658,11,2025-08-24,BOX,118,3
Madrid,79035651,38,2025-08-20,BOX,173,4
Buenos Aires,39215796,53,2025-08-16,BOX,102,5
Chicago,43164692,55,2025-08-24,BOX,81,4
Paris,43944787,69,2025-08-29,BOX,133,2
Brasília,41848069,51,2025-08-18,BOX,191,3
Astana,31275576,26,2025-08-27,BOX,114,1
New Orleans,42903048,82,2025-08-21,BOX,16,1
Chicago,20803508,18,2025-08-18,BOX,195,5
Košice,45686700,88,2025-08-20,BOX,16,3
Napoli,52504998,54,2025-08-18,BOX,135,3
Las Vegas,72284197,24,2025-08-26,BOX,158,3
Billund,99111914,71,2025-08-28,BOX,177,5
Kyoto,42441663,11,2025-08-22,BOX,167,1
New Orleans,31313114,35,2025-08-22,BOX,148,1
Košice,82164498,26,2025-08-27,BOX,160,5
Madrid,54598736,79,2025-08-20,BOX,100,5
Košice,69895697,63,2025-08-16,BOX,185,5
Nairobi,46671750,51,2025-08-22,BOX,148,1
Košice,51683321,43,2025-08-27,BOX,73,4
Kyoto,56502080,27,2025-08-29,BOX,15,5
Nairobi,64344002,6,2025-08-16,BOX,61,5
New Orleans,47719696,11,2025-08-25,BOX,52,5
Buenos Aires,44893381,64,2025-08-16,BOX,25,1
Billund,85285127,35,2025-08-18,BOX,135,1
Nairobi,59428173,52,2025-08-17,BOX,196,5
Chicago,61157691,61,2025-08-17,BOX,171,3
Buenos Aires,46671750,44,2025-08-20,BOX,183,1
New Orleans,17168706,44,2025-08-17,BOX,1,1
Astana,82752871,25,2025-08-24,BOX,64,3
New Orleans,14334777,69,2025-08-16,BOX,57,2
Brasília,81731523,88,2025-08-26,BOX,174,3
Brasília,52504998,15,2025-08-18,BOX,189,4
Paris,49035499,45,2025-08-29,BOX,95,4
Billund,17453175,48,2025-08-27,BOX,2,5
Paris,59428173,13,2025-08-27,BOX,192,2
Las Vegas,81729288,70,2025-08-29,BOX,88,3
New Orleans,69895697,10,2025-08-29,BOX,132,3
Paris,27798366,99,2025-08-27,BOX,1,2
Napoli,25266942,21,2025-08-29,BOX,14,5
Las Vegas,87528770,44,2025-08-21,BOX,166,4
Košice,43164692,38,2025-08-16,BOX,186,4
Buenos Aires,45686700,88,2025-08-24,BOX,172,1
Madrid,97198496,7,2025-08-18,BOX,97,5
Paris,74024543,94,2025-08-27,BOX,47,5
Brasília,99111914,100,2025-08-26,BOX,126,5
Hanoi,87528770,79,2025-08-23,BOX,175,1
Nairobi,57698208,79,2025-08-17,BOX,114,1
Hanoi,88664403,30,2025-08-19,BOX,181,5
Las Vegas,56726926,44,2025-08-18,BOX,151,1
Las Vegas,20803508,7,2025-08-18,BOX,175,3
Napoli,78770832,45,2025-08-19,BOX,179,5
Kyoto,43944787,64,2025-08-20,BOX,112,2
Madrid,26238125,56,2025-08-20,BOX,167,3
Paris,57595386,95,2025-08-17,BOX,196,5
Paris,96346312,62,2025-08-22,BOX,91,1
Kyoto,82752871,70,2025-08-22,BOX,88,1
Košice,18367499,3,2025-08-28,BOX,155,3
Nairobi,36079198,7,2025-08-20,BOX,8,3
Kyoto,11685571,41,2025-08-18,BOX,179,2
Paris,37464375,74,2025-08-20,BOX,10,2
Košice,67272159,49,2025-08-26,BOX,81,2
Kyoto,18402062,82,2025-08-29,BOX,27,3
Buenos Aires,22290264,5,2025-08-25,BOX,23,1
Madrid,20929322,94,2025-08-23,BOX,78,1
Nairobi,81729288,9,2025-08-20,BOX,81,4
Chicago,70907103,70,2025-08-24,BOX,83,2
Madrid,65595705,78,2025-08-16,BOX,144,3
Billund,55475483,9,2025-08-19,BOX,172,1
Hanoi,77244724,72,2025-08-21,BOX,31,5
Kyoto,59787514,58,2025-08-25,BOX,31,3
Brasília,18565869,34,2025-08-28,BOX,102,5
Brasília,46442583,83,2025-08-20,BOX,31,1
Chicago,36079198,24,2025-08-28,BOX,137,1
Madrid,40728582,98,2025-08-23,BOX,34,2
Napoli,93495675,38,2025-08-19,BOX,86,5
Paris,96700462,62,2025-08-19,BOX,134,4
Napoli,11685571,49,2025-08-22,BOX,98,3
Billund,21754460,25,2025-08-26,BOX,22,3
Astana,80655955,76,2025-08-16,BOX,152,4
Košice,20732417,74,2025-08-26,BOX,139,3
Hanoi,62353205,85,2025-08-24,BOX,164,1
New Orleans,23792176,19,2025-08-25,BOX,131,5
Las Vegas,24985277,83,2025-08-18,BOX,13,5
New Orleans,20372968,74,2025-08-28,BOX,54,3
Paris,24888769,15,2025-08-29,BOX,102,3
Košice,92268084,78,2025-08-27,BOX,90,1
Madrid,74039479,68,2025-08-18,BOX,124,4
Kyoto,59380140,91,2025-08-23,BOX,99,2
Chicago,12241331,6,2025-08-17,BOX,15,2
Buenos Aires,82690658,48,2025-08-18,BOX,52,5
Madrid,16681125,70,2025-08-28,BOX,102,3
Košice,40728582,62,2025-08-24,BOX,75,2
Hanoi,78707598,19,2025-08-28,BOX,128,5
New Orleans,81570333,20,2025-08-16,BOX,129,2
Chicago,29544827,20,2025-08-18,BOX,131,4
New Orleans,59781679,9,2025-08-16,BOX,158,5
Kyoto,97198496,85,2025-08-21,BOX,143,3
Billund,20929322,76,2025-08-24,BOX,92,4
Hanoi,54598736,11,2025-08-25,BOX,155,3
Astana,39215796,70,2025-08-22,BOX,28,4
Napoli,87633338,46,2025-08-26,BOX,110,3
Madrid,37464375,18,2025-08-24,BOX,42,4
Paris,70907103,65,2025-08-26,BOX,180,3
Paris,26238125,71,2025-08-28,BOX,152,2
Las Vegas,16681125,54,2025-08-23,BOX,98,5
Billund,85314939,75,2025-08-26,BOX,61,4
Brasília,59737586,88,2025-08-20,BOX,135,2
Madrid,77244724,73,2025-08-24,BOX,183,4
Paris,78707598,9,2025-08-22,BOX,165,3
Astana,42402069,26,2025-08-23,BOX,26,1
Astana,29544827,42,2025-08-28,BOX,37,3
Košice,88447816,87,2025-08-23,BOX,146,2
Kyoto,81570333,77,2025-08-26,BOX,145,4
Chicago,12951182,4,2025-08-23,BOX,192,5
Chicago,24740363,68,2025-08-22,BOX,171,2
Košice,56960374,82,2025-08-18,BOX,2,2
Nairobi,90794424,30,2025-08-27,BOX,100,4
New Orleans,81731523,85,2025-08-19,BOX,47,2
Kyoto,85314939,66,2025-08-27,BOX,97,4
Hanoi,64344002,24,2025-08-25,BOX,22,3
Nairobi,17168706,3,2025-08-25,BOX,152,1
Paris,21754460,64,2025-08-19,BOX,25,5
Nairobi,79035651,15,2025-08-18,BOX,132,1
Buenos Aires,33451509,41,2025-08-27,BOX,30,2
Madrid,72603018,84,2025-08-21,BOX,123,2
Chicago,51257229,47,2025-08-24,BOX,51,5
Napoli,77244724,28,2025-08-25,BOX,10,5
Hanoi,54030398,41,2025-08-19,BOX,127,2
Košice,21988669,50,2025-08-27,BOX,119,2
Madrid,54929034,81,2025-08-22,BOX,1,5
Paris,31275576,68,2025-08-25,BOX,195,1
Astana,94726141,46,2025-08-22,BOX,185,4
Madrid,31275576,12,2025-08-17,BOX,5,3
Chicago,72603018,67,2025-08-23,BOX,54,1
New Orleans,54463973,77,2025-08-27,BOX,95,2
New Orleans,20929322,63,2025-08-17,BOX,128,5
Košice,71181554,48,2025-08-24,BOX,154,3
Madrid,46442583,77,2025-08-28,BOX,12,3
Chicago,84350729,97,2025-08-20,BOX,186,4
Hanoi,30295812,69,2025-08-18,BOX,35,2
Napoli,41367741,92,2025-08-25,BOX,89,3
Astana,78770832,21,2025-08-29,BOX,179,5
Billund,51683321,16,2025-08-24,BOX,50,4
Chicago,33451509,100,2025-08-19,BOX,69,2
New Orleans,61509747,60,2025-08-20,BOX,151,5
Las Vegas,70907103,74,2025-08-17,BOX,13,3
Chicago,46708200,55,2025-08-19,BOX,128,5
Nairobi,20803508,49,2025-08-25,BOX,99,4
Hanoi,78770832,78,2025-08-19,BOX,73,3
Astana,75831370,29,2025-08-25,BOX,56,4
Billund,10421203,37,2025-08-24,BOX,36,4
Chicago,98037014,53,2025-08-25,BOX,86,5
Buenos Aires,25318286,55,2025-08-28,BOX,138,4
Hanoi,94194918,71,2025-08-20,BOX,156,2
Billund,54384969,35,2025-08-23,BOX,8,3
New Orleans,26238125,76,2025-08-28,BOX,48,2
Las Vegas,33451509,37,2025-08-24,BOX,103,3
Chicago,27798366,83,2025-08-21,BOX,15,4
Košice,59787514,77,2025-08-28,BOX,14,4
Paris,97814592,49,2025-08-24,BOX,130,4
Brasília,30811180,60,2025-08-22,BOX,77,2
Buenos Aires,25266942,68,2025-08-16,BOX,196,5
Billund,62709687,20,2025-08-18,BOX,11,2
Madrid,20803508,35,2025-08-16,BOX,125,1
Napoli,82690658,69,2025-08-27,BOX,12,5
Astana,16681125,21,2025-08-22,BOX,51,3
Hanoi,97761535,64,2025-08-27,BOX,123,4
New Orleans,12951182,5,2025-08-25,BOX,63,2
Kyoto,15278256,35,2025-08-27,BOX,1,5
Buenos Aires,31275576,82,2025-08-27,BOX,115,4
Madrid,90144431,53,2025-08-29,BOX,62,1
Napoli,54030398,26,2025-08-22,BOX,35,5
Kyoto,81729288,32,2025-08-16,BOX,25,2
Chicago,23855024,33,2025-08-19,BOX,17,3
Košice,58635850,82,2025-08-17,BOX,71,2
Billund,46673149,74,2025-08-17,BOX,112,1
Madrid,98018344,58,2025-08-24,BOX,20,3
Madrid,21988669,91,2025-08-29,BOX,18,4
Billund,85266556,49,2025-08-27,BOX,182,3
Paris,90144431,64,2025-08-28,BOX,5,5
Brasília,59380140,71,2025-08-20,BOX,163,4
Buenos Aires,66513789,38,2025-08-24,BOX,40,5
Chicago,98397958,88,2025-08-18,BOX,46,2
Paris,85285127,94,2025-08-23,BOX,129,5
New Orleans,73130508,68,2025-08-28,BOX,181,2
Chicago,62353205,10,2025-08-21,BOX,119,3
Billund,72284197,86,2025-08-22,BOX,14,2
Nairobi,21754460,37,2025-08-18,BOX,31,2
Chicago,14334777,47,2025-08-17,BOX,106,3
Kyoto,25266942,25,2025-08-25,BOX,162,5
Hanoi,72170100,52,2025-08-20,BOX,96,1
Paris,18506990,96,2025-08-22,BOX,13,4
Nairobi,47719696,64,2025-08-29,BOX,24,4
Billund,74039479,82,2025-08-19,BOX,15,4
Madrid,46673149,47,2025-08-17,BOX,22,5
Košice,46442583,5,2025-08-22,BOX,143,4
New Orleans,96712886,72,2025-08-25,BOX,46,1
Billund,54030398,63,2025-08-17,BOX,37,5
Nairobi,23863728,94,2025-08-20,BOX,149,1
Chicago,10421203,42,2025-08-25,BOX,25,2
Astana,15278256,13,2025-08-22,BOX,115,1
New Orleans,75831370,74,2025-08-29,BOX,5,5
Napoli,82850786,50,2025-08-29,BOX,110,5
Paris,82690658,57,2025-08-20,BOX,16,2
Košice,93937087,3,2025-08-24,BOX,131,2
Nairobi,87528770,25,2025-08-25,BOX,79,3
Astana,96712886,24,2025-08-21,BOX,33,5
Hanoi,92268084,93,2025-08-24,BOX,50,3
Buenos Aires,85285127,1,2025-08-20,BOX,27,5
Buenos Aires,54598736,38,2025-08-19,BOX,64,2
Hanoi,81729288,63,2025-08-22,BOX,168,3
New Orleans,87633338,40,2025-08-18,BOX,184,4
Napoli,48028821,87,2025-08-17,BOX,167,4
Astana,36079198,61,2025-08-28,BOX,164,3
Billund,56726926,77,2025-08-23,BOX,122,2
Billund,60942140,21,2025-08-16,BOX,114,4
Kyoto,19114005,87,2025-08-22,BOX,11,2
New Orleans,87528770,64,2025-08-19,BOX,92,5
Astana,73130508,83,2025-08-16,BOX,63,2
Madrid,46708200,21,2025-08-21,BOX,27,5
Madrid,39912456,38,2025-08-27,BOX,84,2
New Orleans,72284197,62,2025-08-29,BOX,162,2
Kyoto,87528770,65,2025-08-26,BOX,18,5
Brasília,72170100,87,2025-08-24,BOX,197,2
Hanoi,42903048,6,2025-08-27,BOX,130,4
Madrid,19114005,35,2025-08-25,BOX,87,1
Chicago,21754460,65,2025-08-17,BOX,149,3
Kyoto,32392015,62,2025-08-29,BOX,79,2
Nairobi,20372968,65,2025-08-28,BOX,8,4
Napoli,21205569,23,2025-08-22,BOX,140,3
Buenos Aires,39912456,59,2025-08-16,BOX,78,4
Las Vegas,28343414,39,2025-08-25,BOX,73,3
Chicago,74039479,62,2025-08-25,BOX,17,2
New Orleans,56960374,76,2025-08-20,BOX,67,4
Astana,72284197,72,2025-08-17,BOX,171,4
Chicago,64344002,29,2025-08-25,BOX,114,2
Billund,97814592,66,2025-08-24,BOX,121,1
Kyoto,98037014,18,2025-08-23,BOX,73,3
Paris,71568423,9,2025-08-16,BOX,60,3
Košice,21754460,83,2025-08-25,BOX,194,3
Napoli,16988648,4,2025-08-23,BOX,80,5
Buenos Aires,58635850,17,2025-08-25,BOX,155,1
Napoli,25318286,50,2025-08-16,BOX,21,5
Hanoi,81731523,64,2025-08-25,BOX,82,1
Napoli,11360917,81,2025-08-26,BOX,72,5
Billund,51257229,68,2025-08-28,BOX,105,4
Astana,90667057,74,2025-08-26,BOX,67,4
Brasília,82850786,52,2025-08-18,BOX,16,1
Las Vegas,17130808,43,2025-08-21,BOX,142,4
Brasília,40728582,1,2025-08-26,BOX,159,4
Chicago,23863728,28,2025-08-20,BOX,21,2
Košice,98397958,63,2025-08-22,BOX,36,1
Las Vegas,98397958,83,2025-08-21,BOX,117,2
Košice,57595386,56,2025-08-22,BOX,144,2
Košice,18506990,46,2025-08-17,BOX,50,5
Brasília,46708200,70,2025-08-23,BOX,130,4
Madrid,59781679,94,2025-08-22,BOX,55,3
Las Vegas,62353205,64,2025-08-26,BOX,142,1
Paris,42903048,69,2025-08-26,BOX,13,3
Nairobi,92715521,62,2025-08-26,BOX,154,3
Košice,11360917,91,2025-08-27,BOX,146,1
Nairobi,81570333,57,2025-08-21,BOX,17,5
Hanoi,46673149,7,2025-08-17,BOX,108,2
Madrid,57547517,39,2025-08-18,BOX,147,5
Kyoto,67272159,93,2025-08-23,BOX,105,4
Košice,49035499,92,2025-08-16,BOX,120,2
Madrid,39215796,19,2025-08-25,BOX,68,1
Chicago,77244724,89,2025-08-24,BOX,176,2
Nairobi,31313114,40,2025-08-16,BOX,16,3
Madrid,18367499,55,2025-08-23,BOX,115,5
Las Vegas,42903048,3,2025-08-18,BOX,111,5
Nairobi,22290264,28,2025-08-21,BOX,91,2
Astana,92672362,65,2025-08-24,BOX,111,3
Paris,51257229,57,2025-08-18,BOX,1,4
Astana,46708200,93,2025-08-20,BOX,158,4
Hanoi,17453175,33,2025-08-24,BOX,168,4
Nairobi,27798366,17,2025-08-19,BOX,3,5
New Orleans,74039479,56,2025-08-24,BOX,106,3
Hanoi,24985277,22,2025-08-24,BOX,147,3
Brasília,93937087,64,2025-08-22,BOX,59,1
New Orleans,41367741,99,2025-08-21,BOX,6,3
Buenos Aires,81731523,18,2025-08-22,BOX,157,2
Billund,11685571,34,2025-08-20,BOX,172,3
Chicago,18402062,10,2025-08-28,BOX,21,3
Košice,70907103,71,2025-08-22,BOX,70,5
Chicago,97539225,27,2025-08-24,BOX,191,3
Paris,41367741,22,2025-08-17,BOX,42,4
Kyoto,97761535,41,2025-08-22,BOX,149,4
Paris,31313114,15,2025-08-22,BOX,187,5
Astana,92715521,58,2025-08-24,BOX,181,1
Paris,60942140,66,2025-08-28,BOX,51,3
Astana,74039479,22,2025-08-17,BOX,107,1
Buenos Aires,79035651,73,2025-08-24,BOX,139,2
Billund,24355973,71,2025-08-21,BOX,121,1
Las Vegas,20732417,64,2025-08-18,BOX,152,4
Brasília,57547517,35,2025-08-25,BOX,36,2
Košice,94726141,58,2025-08-26,BOX,21,5
Hanoi,41367741,70,2025-08-20,BOX,161,5
Košice,16546529,61,2025-08-27,BOX,89,5
Hanoi,62709687,57,2025-08-22,BOX,119,4
Nairobi,25266942,56,2025-08-20,BOX,11,4
Nairobi,62353205,71,2025-08-19,BOX,15,3
Košice,23863728,83,2025-08-21,BOX,72,5
Nairobi,92672362,42,2025-08-25,BOX,133,1
Buenos Aires,21205569,53,2025-08-25,BOX,90,3
Košice,59380140,35,2025-08-22,BOX,128,5
Hanoi,56726926,57,2025-08-16,BOX,192,5
New Orleans,24888769,36,2025-08-29,BOX,68,2
Buenos Aires,30811180,95,2025-08-18,BOX,4,3
Brasília,19114005,62,2025-08-18,BOX,169,4
New Orleans,88664403,3,2025-08-22,BOX,175,5
Košice,20803508,81,2025-08-28,BOX,47,1
Paris,88954974,86,2025-08-19,BOX,163,4
Napoli,67272159,62,2025-08-24,BOX,15,1
Hanoi,71568423,84,2025-08-22,BOX,196,3
Paris,73130508,23,2025-08-25,BOX,177,1
Kyoto,62680688,14,2025-08-20,BOX,87,5
New Orleans,97198496,31,2025-08-20,BOX,51,5
Madrid,62709687,25,2025-08-17,BOX,179,4
Hanoi,19492526,54,2025-08-17,BOX,107,1
Las Vegas,93937087,18,2025-08-16,BOX,93,3
Košice,97724864,26,2025-08-20,BOX,126,5
Košice,19492526,6,2025-08-24,BOX,153,3
Brasília,31275576,65,2025-08-28,BOX,181,3
New Orleans,22290264,64,2025-08-26,BOX,22,3
Astana,96512345,23,2025-08-20,BOX,35,4
Billund,64344002,12,2025-08-20,BOX,185,4
Napoli,21754460,5,2025-08-17,BOX,47,1
New Orleans,85314939,13,2025-08-27,BOX,61,5
Nairobi,26647973,53,2025-08-16,BOX,7,2
Madrid,19885636,23,2025-08-23,BOX,125,2
Kyoto,25318286,98,2025-08-29,BOX,36,4
Košice,54598736,10,2025-08-26,BOX,2,3
Buenos Aires,20732417,87,2025-08-21,BOX,82,5
Kyoto,96700462,62,2025-08-21,BOX,165,5
Chicago,88447816,55,2025-08-24,BOX,104,1
Paris,88664403,47,2025-08-22,BOX,123,4
Hanoi,52504998,22,2025-08-21,BOX,76,5
Paris,77244724,71,2025-08-20,BOX,151,5
Košice,66513789,89,2025-08-16,BOX,147,4
Hanoi,82850786,55,2025-08-20,BOX,77,3
Paris,71857900,58,2025-08-16,BOX,46,4
Napoli,62668917,75,2025-08-27,BOX,55,3
Napoli,17453175,19,2025-08-19,BOX,119,4
Buenos Aires,57698208,80,2025-08-19,BOX,54,5
Kyoto,96737662,88,2025-08-20,BOX,109,4
Chicago,20372968,57,2025-08-22,BOX,9,4
Buenos Aires,57547517,9,2025-08-20,BOX,197,4
Billund,63993191,55,2025-08-27,BOX,76,4
Napoli,60733997,78,2025-08-28,BOX,151,2
Paris,48028821,60,2025-08-26,BOX,136,2
Košice,71980475,76,2025-08-22,BOX,190,3
Kyoto,27798366,75,2025-08-20,BOX,120,5
Madrid,33451509,23,2025-08-19,BOX,154,4
Las Vegas,96712886,65,2025-08-29,BOX,158,1
Košice,57698208,6,2025-08-24,BOX,119,1
Madrid,74024543,80,2025-08-19,BOX,124,3
Paris,17168706,13,2025-08-16,BOX,188,2
Astana,10421203,32,2025-08-17,BOX,82,2
Billund,46671750,73,2025-08-27,BOX,55,5
Buenos Aires,43164692,58,2025-08-28,BOX,36,4
Nairobi,82752871,58,2025-08-19,BOX,148,1
Paris,94194918,20,2025-08-26,BOX,168,4
Hanoi,99111914,88,2025-08-28,BOX,27,4
Astana,54463973,46,2025-08-25,BOX,95,3
Brasília,92268084,47,2025-08-20,BOX,9,1
Chicago,21988669,62,2025-08-28,BOX,159,3
Chicago,97724864,29,2025-08-25,BOX,81,5
Košice,85314939,54,2025-08-22,BOX,42,5
Billund,67272159,15,2025-08-21,BOX,157,1
Nairobi,60733997,38,2025-08-27,BOX,141,3
Napoli,57698208,29,2025-08-24,BOX,86,5
Nairobi,41848069,71,2025-08-29,BOX,159,3
Buenos Aires,59380140,55,2025-08-29,BOX,153,2
Paris,42441663,12,2025-08-17,BOX,58,5
Buenos Aires,71980475,17,2025-08-18,BOX,50,2
Las Vegas,82690658,5,2025-08-16,BOX,83,3
Billund,75831370,55,2025-08-26,BOX,157,5
Brasília,43164692,57,2025-08-29,BOX,136,5
Billund,69895697,47,2025-08-23,BOX,81,2
Košice,95404043,46,2025-08-21,BOX,168,5
Buenos Aires,36079198,45,2025-08-25,BOX,95,1
Brasília,28343414,92,2025-08-28,BOX,173,3
Košice,24888769,22,2025-08-16,BOX,111,4
Hanoi,60942140,25,2025-08-22,BOX,52,3
Nairobi,80074846,8,2025-08-26,BOX,67,3
Las Vegas,71181554,21,2025-08-17,BOX,199,3
Nairobi,39215796,71,2025-08-24,BOX,195,3
Billund,16681125,1,2025-08-17,BOX,47,5
Las Vegas,17453175,2,2025-08-22,BOX,191,3
Astana,51683321,7,2025-08-18,BOX,85,1
Kyoto,57698208,22,2025-08-19,BOX,107,3
Kyoto,62709687,49,2025-08-18,BOX,6,4
Hanoi,85266556,100,2025-08-29,BOX,37,1
Nairobi,46673149,36,2025-08-23,BOX,22,1
Hanoi,12951182,39,2025-08-18,BOX,61,4
Billund,16988648,2,2025-08-16,BOX,37,2
Kyoto,20929322,80,2025-08-29,BOX,111,4
Brasília,20929322,74,2025-08-19,BOX,107,2
Napoli,29544827,67,2025-08-28,BOX,112,5
Astana,57547517,48,2025-08-22,BOX,2,2
Chicago,55475483,96,2025-08-19,BOX,151,5
Billund,41367741,22,2025-08-27,BOX,33,3
Napoli,49035499,1,2025-08-22,BOX,13,4
Napoli,46442583,55,2025-08-16,BOX,62,2
Madrid,97724864,3,2025-08-22,BOX,111,5
Astana,49035499,81,2025-08-17,BOX,71,4
Buenos Aires,57595386,71,2025-08-27,BOX,66,1
Chicago,20929322,21,2025-08-20,BOX,200,3
Billund,92672362,50,2025-08-18,BOX,190,5
Brasília,94726141,64,2025-08-17,BOX,139,2
Astana,16546529,69,2025-08-27,BOX,90,5
Brasília,50718994,53,2025-08-17,BOX,89,4
Paris,55475483,53,2025-08-17,BOX,126,5
New Orleans,56502080,82,2025-08-20,BOX,195,4
Hanoi,50718994,11,2025-08-29,BOX,104,1
Hanoi,70907103,51,2025-08-27,BOX,13,2
Nairobi,85314939,37,2025-08-29,BOX,97,2
Astana,19885636,54,2025-08-25,BOX,83,1
Buenos Aires,78707598,59,2025-08-19,BOX,7,1
Astana,88447816,89,2025-08-24,BOX,150,4
Brasília,97198496,21,2025-08-28,BOX,93,4
Paris,33451509,47,2025-08-25,BOX,144,2
Brasília,21205569,18,2025-08-28,BOX,40,1
Las Vegas,48028821,56,2025-08-23,BOX,51,2
Madrid,51683321,74,2025-08-28,BOX,99,3
Hanoi,24888769,98,2025-08-16,BOX,109,3
Chicago,96700462,6,2025-08-29,BOX,117,4
Napoli,97724864,50,2025-08-29,BOX,184,1
Nairobi,71857900,9,2025-08-22,BOX,77,4
Hanoi,21205569,2,2025-08-21,BOX,172,5
Billund,74024543,32,2025-08-23,BOX,136,4
Madrid,18565869,24,2025-08-16,BOX,78,4
Buenos Aires,71857900,26,2025-08-24,BOX,5,3
Astana,30811180,63,2025-08-28,BOX,28,2
Madrid,51257229,55,2025-08-23,BOX,139,5
Buenos Aires,94726141,1,2025-08-21,BOX,184,5
Hanoi,65595705,37,2025-08-20,BOX,52,4
Paris,84350729,93,2025-08-24,BOX,3,4
Nairobi,18840655,27,2025-08-23,BOX,4,3
Astana,87633338,10,2025-08-22,BOX,164,2
Las Vegas,80074846,53,2025-08-26,BOX,45,5
Brasília,20803508,88,2025-08-25,BOX,82,1
Kyoto,71857900,9,2025-08-29,BOX,78,5
Kyoto,31275576,42,2025-08-23,BOX,36,3
Billund,71181554,41,2025-08-22,BOX,136,2
Billund,73130508,97,2025-08-21,BOX,125,2
Las Vegas,44893381,24,2025-08-16,BOX,29,5
Las Vegas,64344002,32,2025-08-29,BOX,93,1
Billund,39912456,8,2025-08-25,BOX,175,5
Madrid,50718994,73,2025-08-23,BOX,33,3
Košice,87633338,17,2025-08-20,BOX,164,4
Nairobi,73130508,19,2025-08-18,BOX,80,4
New Orleans,50718994,40,2025-08-23,BOX,135,4
New Orleans,98018344,19,2025-08-20,BOX,37,1
Paris,29544827,61,2025-08-27,BOX,163,1
Billund,80074846,82,2025-08-20,BOX,89,2
Astana,58635850,71,2025-08-26,BOX,41,2
Madrid,46671750,11,2025-08-18,BOX,52,2
New Orleans,74024543,78,2025-08-24,BOX,43,2
Buenos Aires,51683321,15,2025-08-21,BOX,7,5
Paris,42402069,18,2025-08-26,BOX,183,1
Napoli,22290264,69,2025-08-26,BOX,192,2
Hanoi,24740363,79,2025-08-20,BOX,144,2
Las Vegas,75831370,54,2025-08-23,BOX,54,1
Buenos Aires,63993191,44,2025-08-27,BOX,31,3
Kyoto,96346312,12,2025-08-19,BOX,187,2
Las Vegas,97198496,15,2025-08-24,BOX,72,3
Nairobi,59781679,94,2025-08-22,BOX,144,3
Billund,78770832,18,2025-08-21,BOX,8,1
Billund,90794424,10,2025-08-20,BOX,185,3
Brasília,88954974,39,2025-08-23,BOX,133,1
Buenos Aires,85266556,8,2025-08-19,BOX,136,3
Astana,12951182,44,2025-08-28,BOX,28,2
Astana,82164498,65,2025-08-22,BOX,78,1
Kyoto,20372968,12,2025-08-26,BOX,125,4
Kyoto,46442583,91,2025-08-16,BOX,24,4
Napoli,96737662,23,2025-08-21,BOX,62,2
Paris,85266556,87,2025-08-22,BOX,154,3
Madrid,80074846,34,2025-08-22,BOX,190,1
Nairobi,82850786,4,2025-08-16,BOX,48,1
Chicago,80655955,22,2025-08-27,BOX,178,4
New Orleans,32392015,56,2025-08-22,BOX,27,2
Billund,46442583,44,2025-08-19,BOX,171,2
Madrid,10421203,72,2025-08-27,BOX,104,2
Napoli,23792176,81,2025-08-17,BOX,50,5
Nairobi,57547517,40,2025-08-18,BOX,42,1
Kyoto,72284197,48,2025-08-22,BOX,175,2
Napoli,71181554,27,2025-08-22,BOX,53,5
Nairobi,33451509,20,2025-08-20,BOX,96,3
Kyoto,51257229,82,2025-08-27,BOX,175,2
Madrid,96700462,24,2025-08-17,BOX,197,3
Košice,41399863,83,2025-08-26,BOX,128,3
Las Vegas,60733997,76,2025-08-19,BOX,27,3
Hanoi,66513789,44,2025-08-26,BOX,34,3
Billund,59428173,74,2025-08-29,BOX,162,4
Hanoi,62680688,91,2025-08-21,BOX,159,3
Astana,39912456,69,2025-08-20,BOX,154,2
Nairobi,54929034,26,2025-08-29,BOX,53,1
Brasília,70907103,9,2025-08-21,BOX,16,4
Brasília,85266556,17,2025-08-24,BOX,69,2
Napoli,19114005,85,2025-08-16,BOX,190,5
Astana,81729288,72,2025-08-21,BOX,123,4
New Orleans,24740363,57,2025-08-20,BOX,139,2
New Orleans,11685571,9,2025-08-17,BOX,110,1
Las Vegas,60445857,22,2025-08-18,BOX,12,2
Košice,99111914,80,2025-08-28,BOX,186,5
Billund,57595386,1,2025-08-22,BOX,46,2
Buenos Aires,17453175,23,2025-08-24,BOX,18,4
Buenos Aires,23855024,35,2025-08-19,BOX,175,3
Las Vegas,25266942,11,2025-08-26,BOX,103,5
New Orleans,31275576,61,2025-08-17,BOX,98,1
Chicago,62680688,21,2025-08-17,BOX,131,3
Paris,54598736,4,2025-08-21,BOX,187,5
New Orleans,97814592,54,2025-08-28,BOX,111,1
Kyoto,71568423,92,2025-08-16,BOX,140,3
Astana,72603018,74,2025-08-18,BOX,169,4
Napoli,18506990,64,2025-08-29,BOX,24,3
Chicago,19885636,53,2025-08-29,BOX,31,2
Madrid,23855024,95,2025-08-22,BOX,112,5
New Orleans,30811180,89,2025-08-20,BOX,98,5
Astana,90794424,5,2025-08-23,BOX,11,1
Paris,81729288,25,2025-08-21,BOX,112,4
Košice,62353205,32,2025-08-17,BOX,98,1
Napoli,87528770,44,2025-08-18,BOX,38,5
Las Vegas,82164498,49,2025-08-19,BOX,40,4
Nairobi,30295812,83,2025-08-22,BOX,34,5
Hanoi,61509747,30,2025-08-24,BOX,97,5
Napoli,82752871,78,2025-08-18,BOX,25,3
Kyoto,41367741,76,2025-08-24,BOX,166,1
New Orleans,92715521,29,2025-08-21,BOX,95,3
Nairobi,65595705,69,2025-08-28,BOX,18,1
Astana,62353205,60,2025-08-20,BOX,7,1
Brasília,62680688,45,2025-08-23,BOX,191,4
Las Vegas,99111914,73,2025-08-19,BOX,60,2
Hanoi,56960374,66,2025-08-18,BOX,181,4
Nairobi,21988669,65,2025-08-16,BOX,104,1
Buenos Aires,30295812,15,2025-08-26,BOX,116,2
Chicago,45686700,71,2025-08-23,BOX,46,1
Brasília,27798366,8,2025-08-25,BOX,28,5
Hanoi,26647973,2,2025-08-19,BOX,63,2
Nairobi,28343414,83,2025-08-21,BOX,120,2
Astana,45686700,84,2025-08-20,BOX,103,5
Napoli,46708200,3,2025-08-17,BOX,83,2
Paris,51683321,74,2025-08-18,BOX,65,1
Billund,23792176,3,2025-08-19,BOX,151,5
Napoli,94726141,94,2025-08-24,BOX,136,5
Chicago,15278256,61,2025-08-23,BOX,86,4
Brasília,26238125,97,2025-08-20,BOX,78,4
Billund,41848069,61,2025-08-21,BOX,44,3
Napoli,92715521,86,2025-08-16,BOX,49,4
Madrid,30295812,19,2025-08-19,BOX,116,3
Paris,12241331,62,2025-08-25,BOX,142,4
Paris,18367499,26,2025-08-21,BOX,67,3
Chicago,71181554,51,2025-08-29,BOX,99,3
Košice,32400502,2,2025-08-22,BOX,16,5
Hanoi,51683321,87,2025-08-24,BOX,188,5
Buenos Aires,97198496,36,2025-08-26,BOX,115,3
Hanoi,20372968,36,2025-08-26,BOX,56,4
Brasília,48028821,13,2025-08-27,BOX,150,5
New Orleans,21205569,31,2025-08-29,BOX,148,1
Madrid,88447816,55,2025-08-20,BOX,56,4
Buenos Aires,18367499,46,2025-08-16,BOX,94,5
Nairobi,54463973,42,2025-08-24,BOX,151,2
Paris,28343414,78,2025-08-27,BOX,165,3
Brasília,62668917,67,2025-08-28,BOX,124,4
Napoli,75031949,30,2025-08-20,BOX,34,2
Las Vegas,88447816,46,2025-08-28,BOX,103,3
Chicago,54384969,94,2025-08-22,BOX,73,4
Chicago,82850786,77,2025-08-22,BOX,9,4
New Orleans,32443652,21,2025-08-25,BOX,33,5
Buenos Aires,15278256,13,2025-08-20,BOX,48,1
Las Vegas,94194918,64,2025-08-20,BOX,60,3
Chicago,81731523,52,2025-08-21,BOX,193,4
Astana,61157691,6,2025-08-18,BOX,42,1
Astana,75031949,88,2025-08-23,BOX,189,3
Las Vegas,61509747,96,2025-08-16,BOX,177,2
Madrid,48028821,34,2025-08-18,BOX,20,2
Brasília,71857900,89,2025-08-21,BOX,22,4
Košice,59781679,7,2025-08-20,BOX,110,4
Nairobi,10421203,81,2025-08-26,BOX,54,4
Astana,59781679,1,2025-08-16,BOX,26,3
Astana,20803508,100,2025-08-21,BOX,33,1
Brasília,51683321,94,2025-08-29,BOX,6,1
Madrid,59737586,31,2025-08-23,BOX,63,5
Košice,54463973,23,2025-08-18,BOX,167,5
Billund,72170100,12,2025-08-23,BOX,47,2
Las Vegas,98018344,59,2025-08-19,BOX,147,2
Košice,23855024,15,2025-08-19,BOX,120,3
Chicago,75831370,67,2025-08-27,BOX,6,1
Billund,32400502,81,2025-08-22,BOX,49,3
Madrid,18402062,6,2025-08-25,BOX,122,5
Paris,46442583,89,2025-08-28,BOX,176,4
Hanoi,46708200,97,2025-08-26,BOX,106,3
Košice,96512345,90,2025-08-27,BOX,190,1
Hanoi,80655955,22,2025-08-21,BOX,51,5
Košice,43944787,2,2025-08-25,BOX,194,1
Astana,46442583,21,2025-08-28,BOX,139,4
Chicago,85285127,64,2025-08-29,BOX,52,5
Chicago,45615280,1,2025-08-29,BOX,41,5
New Orleans,12241331,52,2025-08-25,BOX,105,1
Paris,66513789,88,2025-08-18,BOX,17,4
Astana,84350729,18,2025-08-16,BOX,147,2
Brasília,57698208,63,2025-08-21,BOX,188,1
Kyoto,51683321,31,2025-08-23,BOX,35,4
New Orleans,24985277,74,2025-08-24,BOX,167,2
Napoli,98018344,91,2025-08-17,BOX,189,5
Buenos Aires,24355973,44,2025-08-18,BOX,97,4
Nairobi,57595386,17,2025-08-25,BOX,99,5
Paris,56726926,4,2025-08-18,BOX,200,2
Nairobi,23792176,35,2025-08-16,BOX,76,2
Kyoto,72170100,77,2025-08-29,BOX,119,5
Paris,97198496,33,2025-08-19,BOX,80,4
Košice,51257229,76,2025-08-17,BOX,109,2
Paris,17130808,62,2025-08-22,BOX,169,5
Napoli,12951182,96,2025-08-19,BOX,98,3
Las Vegas,41848069,6,2025-08-29,BOX,145,5
Buenos Aires,61509747,94,2025-08-29,BOX,95,3
Nairobi,59787514,58,2025-08-19,BOX,119,4
Astana,71857900,50,2025-08-23,BOX,178,4
Madrid,12951182,34,2025-08-24,BOX,76,1
Chicago,96512345,50,2025-08-19,BOX,160,1
New Orleans,33451509,46,2025-08-16,BOX,127,2
Kyoto,46671750,73,2025-08-20,BOX,18,2
Madrid,90667057,88,2025-08-21,BOX,147,4
New Orleans,96700462,34,2025-08-16,BOX,83,5
Las Vegas,98037014,1,2025-08-18,BOX,34,1
Paris,45615280,71,2025-08-27,BOX,164,4
Košice,16681125,68,2025-08-26,BOX,50,4
Kyoto,17453175,78,2025-08-26,BOX,161,5
Hanoi,71857900,47,2025-08-18,BOX,132,2
Paris,60445857,31,2025-08-17,BOX,175,4
Astana,48028821,41,2025-08-29,BOX,15,5
Paris,57698208,67,2025-08-22,BOX,183,3
Kyoto,46673149,51,2025-08-21,BOX,13,3
New Orleans,30295812,91,2025-08-18,BOX,81,4
Las Vegas,31275576,40,2025-08-27,BOX,12,2
Nairobi,32392015,35,2025-08-21,BOX,139,5
Brasília,82752871,94,2025-08-20,BOX,114,5
Chicago,63993191,74,2025-08-27,BOX,30,1
Napoli,70907103,52,2025-08-23,BOX,136,3
Nairobi,88954974,58,2025-08-26,BOX,71,2
Astana,51257229,25,2025-08-19,BOX,162,3
Buenos Aires,88954974,93,2025-08-24,BOX,42,3
Košice,30295812,24,2025-08-17,BOX,5,4
Napoli,26647973,13,2025-08-18,BOX,45,1
Brasília,74024543,25,2025-08-18,BOX,90,1
Nairobi,17453175,63,2025-08-24,BOX,136,1
Paris,50718994,81,2025-08-28,BOX,41,4
Buenos Aires,85314939,92,2025-08-17,BOX,158,1
New Orleans,24355973,44,2025-08-28,BOX,194,4
Buenos Aires,97814592,38,2025-08-22,BOX,196,1
Paris,96512345,96,2025-08-20,BOX,171,3
Napoli,72170100,66,2025-08-19,BOX,133,1
Billund,25318286,22,2025-08-18,BOX,127,2
Brasília,75031949,14,2025-08-27,BOX,176,4
New Orleans,84783963,50,2025-08-29,BOX,2,3
Hanoi,51234161,21,2025-08-23,BOX,116,5
Las Vegas,15278256,52,2025-08-18,BOX,121,2
Hanoi,96712886,1,2025-08-22,BOX,26,4
Chicago,81729288,33,2025-08-25,BOX,26,1
New Orleans,85266556,9,2025-08-17,BOX,45,3
Košice,82850786,33,2025-08-20,BOX,64,3
Astana,99111914,29,2025-08-27,BOX,44,1
Nairobi,94726141,70,2025-08-28,BOX,12,4
Košice,82690658,52,2025-08-21,BOX,140,1
Madrid,71568423,79,2025-08-18,BOX,187,4
Las Vegas,84783963,93,2025-08-22,BOX,147,3
Hanoi,94726141,39,2025-08-23,BOX,60,4
Madrid,84350729,88,2025-08-16,BOX,94,2
Madrid,97814592,8,2025-08-21,BOX,89,4
New Orleans,62680688,26,2025-08-22,BOX,145,2
Košice,36079198,36,2025-08-26,BOX,94,3
Billund,18367499,94,2025-08-19,BOX,74,4
Napoli,56502080,12,2025-08-28,BOX,6,1
Las Vegas,88664403,57,2025-08-20,BOX,84,4
Košice,92715521,74,2025-08-27,BOX,40,1
Napoli,41399863,32,2025-08-17,BOX,72,2
Hanoi,97814592,25,2025-08-16,BOX,100,4
Buenos Aires,56726926,69,2025-08-27,BOX,54,5
Kyoto,69895697,55,2025-08-27,BOX,7,4
Napoli,98397958,28,2025-08-18,BOX,48,1
Hanoi,18402062,19,2025-08-25,BOX,46,1
Paris,87528770,66,2025-08-17,BOX,138,5
Billund,61509747,32,2025-08-29,BOX,177,3
Astana,81731523,72,2025-08-26,BOX,100,3
Chicago,80074846,20,2025-08-22,BOX,187,2
Košice,19114005,24,2025-08-28,BOX,49,5
Nairobi,88664403,33,2025-08-20,BOX,164,2
Chicago,22290264,56,2025-08-28,BOX,85,3
Billund,19885636,84,2025-08-26,BOX,93,2
Chicago,44893381,86,2025-08-28,BOX,45,1
Kyoto,24888769,27,2025-08-25,BOX,42,4
Buenos Aires,21754460,5,2025-08-16,BOX,96,4
Billund,54598736,15,2025-08-22,BOX,190,3
Paris,91468175,24,2025-08-16,BOX,134,1
Paris,23792176,94,2025-08-16,BOX,180,1
Chicago,59737586,41,2025-08-23,BOX,91,4
Hanoi,10421203,97,2025-08-24,BOX,132,4
Billund,92268084,10,2025-08-23,BOX,54,3
Madrid,96346312,13,2025-08-21,BOX,16,2
Las Vegas,59787514,58,2025-08-23,BOX,95,1
New Orleans,16681125,79,2025-08-26,BOX,59,1
Nairobi,24355973,77,2025-08-20,BOX,135,5
Buenos Aires,74039479,94,2025-08-24,BOX,4,5
Paris,62709687,57,2025-08-25,BOX,54,4
Astana,41848069,92,2025-08-27,BOX,154,1
Chicago,30295812,44,2025-08-16,BOX,52,4
Hanoi,54929034,1,2025-08-28,BOX,80,4
Nairobi,99111914,96,2025-08-18,BOX,62,2
New Orleans,46673149,78,2025-08-21,BOX,163,4
Napoli,19492526,86,2025-08-27,BOX,139,2
Billund,49035499,40,2025-08-29,BOX,107,2
Las Vegas,30295812,89,2025-08-26,BOX,173,1
New Orleans,96512345,99,2025-08-16,BOX,18,3
New Orleans,43944787,96,2025-08-27,BOX,66,4
Košice,96712886,92,2025-08-17,BOX,74,4
Kyoto,42402069,67,2025-08-27,BOX,187,1
Napoli,80074846,86,2025-08-27,BOX,75,2
Astana,65595705,95,2025-08-19,BOX,187,5
New Orleans,36079198,90,2025-08-21,BOX,139,3
Brasília,19492526,79,2025-08-21,BOX,147,4
Buenos Aires,91468175,38,2025-08-22,BOX,168,1
Billund,30811180,70,2025-08-23,BOX,70,3
Kyoto,60445857,69,2025-08-26,BOX,18,2
Billund,60445857,12,2025-08-21,BOX,29,2
Košice,64344002,80,2025-08-19,BOX,28,1
Kyoto,49035499,69,2025-08-28,BOX,7,5
Las Vegas,19492526,82,2025-08-20,BOX,172,4
Billund,23855024,40,2025-08-23,BOX,173,5
Madrid,57595386,31,2025-08-20,BOX,88,4
Las Vegas,12241331,10,2025-08-28,BOX,44,5
Billund,30295812,96,2025-08-26,BOX,147,3
Astana,59380140,74,2025-08-22,BOX,149,2
Košice,71857900,61,2025-08-19,BOX,137,1
Brasília,16988648,37,2025-08-19,BOX,36,5
Astana,96700462,11,2025-08-16,BOX,31,1
Hanoi,90794424,56,2025-08-21,BOX,197,3
Chicago,72284197,44,2025-08-27,BOX,137,4
Buenos Aires,54384969,75,2025-08-17,BOX,2,1
Astana,56960374,61,2025-08-27,BOX,31,2
Astana,21754460,13,2025-08-18,BOX,135,1
Madrid,54463973,66,2025-08-22,BOX,197,3
Košice,30811180,30,2025-08-23,BOX,162,2
Hanoi,96346312,33,2025-08-26,BOX,157,5
Brasília,24888769,82,2025-08-27,BOX,188,3
Paris,20803508,48,2025-08-20,BOX,51,4
Astana,17130808,83,2025-08-27,BOX,126,5
Košice,44893381,32,2025-08-18,BOX,171,2
Las Vegas,51257229,42,2025-08-26,BOX,10,2
Hanoi,20929322,73,2025-08-21,BOX,24,1
Nairobi,39912456,2,2025-08-18,BOX,55,5
Napoli,58635850,21,2025-08-21,BOX,90,3
Napoli,85285127,80,2025-08-26,BOX,42,1
Nairobi,51257229,9,2025-08-21,BOX,131,1
Napoli,21988669,21,2025-08-17,BOX,23,4
Buenos Aires,27798366,82,2025-08-16,BOX,103,2
Brasília,51257229,96,2025-08-28,BOX,141,2
Kyoto,93937087,43,2025-08-22,BOX,134,1
Madrid,27798366,89,2025-08-24,BOX,124,5
Napoli,59787514,89,2025-08-16,BOX,10,1
Kyoto,21205569,49,2025-08-29,BOX,34,4
Buenos Aires,55475483,69,2025-08-22,BOX,116,2
Napoli,54598736,78,2025-08-29,BOX,65,4
Astana,60942140,5,2025-08-16,BOX,151,4
Astana,97814592,69,2025-08-29,BOX,90,1
Madrid,41399863,48,2025-08-24,BOX,113,1
Las Vegas,41399863,36,2025-08-23,BOX,67,2
Napoli,56960374,51,2025-08-29,BOX,85,1
Nairobi,42402069,90,2025-08-28,BOX,101,5
Kyoto,72603018,52,2025-08-25,BOX,167,1
New Orleans,29544827,30,2025-08-29,BOX,191,2
Billund,42402069,73,2025-08-18,BOX,188,2
Napoli,10421203,19,2025-08-28,BOX,89,3
Billund,33451509,45,2025-08-19,BOX,7,1
Paris,32443652,41,2025-08-17,BOX,173,2
Paris,72170100,52,2025-08-18,BOX,94,1
Billund,42903048,47,2025-08-29,BOX,178,3
Kyoto,70907103,55,2025-08-17,BOX,123,3
New Orleans,45686700,68,2025-08-17,BOX,150,5
Brasília,56726926,30,2025-08-18,BOX,132,4
Las Vegas,54463973,73,2025-08-23,BOX,168,3
Napoli,23855024,59,2025-08-29,BOX,92,4
Astana,97761535,53,2025-08-27,BOX,170,1
Astana,64344002,82,2025-08-17,BOX,34,2
Hanoi,60445857,84,2025-08-29,BOX,116,5
Nairobi,97724864,64,2025-08-18,BOX,68,5
New Orleans,84350729,22,2025-08-21,BOX,101,5
Chicago,79035651,47,2025-08-17,BOX,174,4
Brasília,46673149,68,2025-08-29,BOX,116,3
Chicago,94194918,97,2025-08-20,BOX,195,2
Billund,18506990,7,2025-08-26,BOX,36,2
New Orleans,17130808,79,2025-08-27,BOX,117,2
Brasília,57595386,71,2025-08-17,BOX,119,5
Buenos Aires,96512345,60,2025-08-29,BOX,45,1
Buenos Aires,78770832,45,2025-08-27,BOX,27,5
Chicago,17168706,76,2025-08-18,BOX,93,4
Chicago,92672362,68,2025-08-29,BOX,163,2
Brasília,25266942,26,2025-08-20,BOX,185,3
Košice,72284197,66,2025-08-28,BOX,121,3
Buenos Aires,42402069,65,2025-08-21,BOX,92,1
Astana,59737586,34,2025-08-28,BOX,112,4
Madrid,96712886,88,2025-08-20,BOX,131,2
Napoli,39912456,44,2025-08-25,BOX,45,5
Paris,18402062,43,2025-08-28,BOX,154,5
Brasília,54384969,1,2025-08-17,BOX,23,3
Košice,77244724,64,2025-08-18,BOX,56,1
Madrid,85285127,73,2025-08-27,BOX,64,4
Buenos Aires,46673149,38,2025-08-20,BOX,120,2
Kyoto,85266556,55,2025-08-24,BOX,24,2
Hanoi,97198496,91,2025-08-16,BOX,152,2
Nairobi,23855024,87,2025-08-29,BOX,192,4
Napoli,94194918,59,2025-08-16,BOX,192,1
Madrid,58635850,96,2025-08-17,BOX,106,5
Chicago,93495675,98,2025-08-26,BOX,130,5
Košice,96700462,33,2025-08-16,BOX,29,1
Napoli,73130508,75,2025-08-29,BOX,120,5
Brasília,72603018,24,2025-08-21,BOX,46,2
Buenos Aires,28343414,43,2025-08-17,BOX,193,4
Chicago,92715521,39,2025-08-17,BOX,169,3
Chicago,18506990,61,2025-08-23,BOX,24,5
Billund,95404043,40,2025-08-17,BOX,80,2
Kyoto,31313114,79,2025-08-24,BOX,173,1
Madrid,87528770,53,2025-08-19,BOX,75,4
Hanoi,73130508,16,2025-08-17,BOX,11,2
New Orleans,95404043,83,2025-08-24,BOX,80,2
Brasília,25318286,68,2025-08-18,BOX,162,3
Chicago,48028821,63,2025-08-29,BOX,162,5
Astana,23792176,67,2025-08-25,BOX,195,4
Paris,82850786,88,2025-08-18,BOX,26,2
Brasília,31313114,71,2025-08-23,BOX,120,5
Billund,92715521,32,2025-08-18,BOX,71,2
New Orleans,97724864,51,2025-08-25,BOX,181,4
Kyoto,45686700,19,2025-08-29,BOX,118,3
Madrid,57698208,34,2025-08-28,BOX,29,5
Madrid,21754460,47,2025-08-29,BOX,4,1
Madrid,12241331,60,2025-08-25,BOX,19,5
Paris,51234161,81,2025-08-27,BOX,155,4
Chicago,59428173,27,2025-08-21,BOX,146,3
Košice,56502080,42,2025-08-27,BOX,93,2
Hanoi,72284197,93,2025-08-26,BOX,82,4
Nairobi,98037014,79,2025-08-17,BOX,9,4
Brasília,54030398,31,2025-08-18,BOX,110,5
Košice,27798366,33,2025-08-18,BOX,25,5
Paris,25266942,8,2025-08-27,BOX,194,4
Astana,96737662,70,2025-08-17,BOX,104,3
Kyoto,56726926,44,2025-08-27,BOX,79,3
Nairobi,37464375,86,2025-08-28,BOX,32,4
Madrid,84783963,74,2025-08-29,BOX,126,5
Las Vegas,32400502,32,2025-08-20,BOX,62,2
Buenos Aires,20929322,51,2025-08-26,BOX,27,5
Billund,19114005,64,2025-08-16,BOX,142,1
Las Vegas,25318286,83,2025-08-18,BOX,170,2
Madrid,75831370,53,2025-08-17,BOX,99,4
Napoli,62709687,13,2025-08-25,BOX,181,4
Hanoi,18367499,4,2025-08-23,BOX,20,1
Chicago,40728582,84,2025-08-22,BOX,193,2
Las Vegas,43164692,15,2025-08-21,BOX,27,1
Buenos Aires,12951182,87,2025-08-16,BOX,31,1
Nairobi,44893381,13,2025-08-21,BOX,192,4
Nairobi,16988648,13,2025-08-22,BOX,66,2
Košice,46708200,58,2025-08-26,BOX,127,3
Nairobi,97761535,86,2025-08-22,BOX,48,3
Astana,16988648,99,2025-08-25,BOX,127,2
New Orleans,32400502,77,2025-08-23,BOX,198,1
Las Vegas,90144431,34,2025-08-16,BOX,3,1
Košice,85266556,57,2025-08-26,BOX,65,3
Napoli,24985277,58,2025-08-24,BOX,78,5
Košice,42903048,50,2025-08-26,BOX,17,4
Madrid,72170100,84,2025-08-25,BOX,163,4
Astana,46673149,19,2025-08-25,BOX,96,2
Las Vegas,54030398,37,2025-08-28,BOX,167,3
Buenos Aires,82752871,57,2025-08-16,BOX,71,3
Hanoi,54384969,10,2025-08-29,BOX,116,1
Buenos Aires,19492526,33,2025-08-18,BOX,195,3
Brasília,94194918,53,2025-08-16,BOX,60,5
Billund,56502080,36,2025-08-23,BOX,62,3
Astana,56502080,75,2025-08-26,BOX,143,1
Napoli,72284197,70,2025-08-28,BOX,45,3
Astana,71980475,41,2025-08-16,BOX,170,1
Madrid,42441663,55,2025-08-28,BOX,110,5
Nairobi,43164692,60,2025-08-24,BOX,119,4
Astana,94194918,30,2025-08-29,BOX,3,2
Košice,25318286,17,2025-08-29,BOX,47,1
Astana,21988669,49,2025-08-16,BOX,103,1
Kyoto,16681125,38,2025-08-25,BOX,105,3
Nairobi,24985277,57,2025-08-18,BOX,88,4
Paris,59781679,27,2025-08-28,BOX,63,5
New Orleans,72603018,76,2025-08-25,BOX,143,3
Hanoi,54463973,81,2025-08-20,BOX,133,2
Las Vegas,94726141,77,2025-08-16,BOX,3,2
Madrid,90794424,33,2025-08-16,BOX,35,4
Napoli,12241331,48,2025-08-23,BOX,134,1
Paris,25318286,32,2025-08-22,BOX,39,5
Buenos Aires,97761535,75,2025-08-25,BOX,190,5
Brasília,16681125,28,2025-08-20,BOX,145,1
Las Vegas,18840655,15,2025-08-19,BOX,175,3
Hanoi,15278256,43,2025-08-25,BOX,75,2
Hanoi,82164498,100,2025-08-23,BOX,45,1
Nairobi,96700462,70,2025-08-18,BOX,102,4
Las Vegas,97814592,84,2025-08-21,BOX,95,3
New Orleans,77244724,89,2025-08-28,BOX,101,3
Madrid,56502080,26,2025-08-20,BOX,98,4
Astana,60733997,43,2025-08-20,BOX,5,2
Astana,92268084,94,2025-08-26,BOX,194,3
Hanoi,67272159,50,2025-08-21,BOX,31,2
New Orleans,62353205,35,2025-08-25,BOX,126,5
Chicago,75031949,25,2025-08-16,BOX,159,5
Kyoto,14334777,100,2025-08-26,BOX,132,1
Astana,60445857,12,2025-08-18,BOX,144,1
Paris,63993191,81,2025-08-20,BOX,40,1
Astana,97724864,1,2025-08-18,BOX,70,5
Hanoi,97724864,39,2025-08-16,BOX,102,4
Napoli,69895697,24,2025-08-22,BOX,76,3
Napoli,16681125,8,2025-08-24,BOX,179,3
Madrid,82690658,79,2025-08-28,BOX,132,3
Nairobi,89307752,33,2025-08-25,BOX,71,3
Hanoi,61157691,66,2025-08-29,BOX,132,4
Kyoto,61157691,94,2025-08-16,BOX,66,1
Hanoi,19114005,20,2025-08-24,BOX,80,3
Napoli,88664403,67,2025-08-28,BOX,135,5
New Orleans,57547517,1,2025-08-27,BOX,45,4
Nairobi,18402062,21,2025-08-21,BOX,39,4
Chicago,78770832,40,2025-08-17,BOX,67,2
Madrid,41367741,76,2025-08-24,BOX,105,3
Košice,42441663,38,2025-08-26,BOX,47,2
Napoli,57547517,21,2025-08-21,BOX,66,1
Napoli,93937087,28,2025-08-19,BOX,109,3
Billund,20732417,69,2025-08-24,BOX,111,2
Madrid,14334777,19,2025-08-18,BOX,87,3
Astana,71568423,57,2025-08-29,BOX,128,2
Napoli,99111914,31,2025-08-21,BOX,149,4
Paris,47719696,60,2025-08-25,BOX,186,4
Billund,47719696,97,2025-08-16,BOX,52,1
Buenos Aires,16681125,12,2025-08-22,BOX,181,3
Billund,12241331,35,2025-08-19,BOX,87,2
Buenos Aires,93495675,14,2025-08-16,BOX,125,3
Brasília,42402069,29,2025-08-27,BOX,138,5
Napoli,66513789,94,2025-08-29,BOX,94,4
Košice,33451509,80,2025-08-24,BOX,3,3
Buenos Aires,52504998,3,2025-08-21,BOX,39,1
Las Vegas,41367741,46,2025-08-17,BOX,131,1
Paris,71181554,29,2025-08-19,BOX,5,4
Paris,79035651,99,2025-08-17,BOX,154,4
Buenos Aires,67272159,27,2025-08-16,BOX,170,3
Billund,75031949,61,2025-08-23,BOX,88,3
Napoli,17130808,31,2025-08-20,BOX,94,4
Brasília,21988669,83,2025-08-16,BOX,61,1
Buenos Aires,92715521,6,2025-08-26,BOX,45,1
New Orleans,39215796,43,2025-08-28,BOX,104,2
Hanoi,31313114,36,2025-08-22,BOX,121,1
Nairobi,74024543,19,2025-08-26,BOX,41,3
Hanoi,11685571,32,2025-08-18,BOX,125,4
Nairobi,78770832,93,2025-08-17,BOX,28,1
Hanoi,93495675,85,2025-08-27,BOX,148,1
Astana,69895697,92,2025-08-26,BOX,155,3
Kyoto,92268084,12,2025-08-26,BOX,44,4
Billund,71857900,22,2025-08-18,BOX,130,4
Hanoi,29544827,92,2025-08-23,BOX,160,5
Madrid,17453175,97,2025-08-17,BOX,126,2
Astana,54030398,80,2025-08-24,BOX,189,5
Buenos Aires,69895697,8,2025-08-28,BOX,48,2
Buenos Aires,73130508,76,2025-08-21,BOX,46,5
Nairobi,11360917,47,2025-08-20,BOX,12,1
Paris,75031949,20,2025-08-21,BOX,51,1
Buenos Aires,18402062,86,2025-08-17,BOX,78,2
Hanoi,90667057,64,2025-08-26,BOX,34,2
Las Vegas,56960374,18,2025-08-20,BOX,123,4
Chicago,61509747,83,2025-08-22,BOX,35,5
New Orleans,90794424,74,2025-08-18,BOX,67,3
Astana,21205569,94,2025-08-19,BOX,175,3
Brasília,96346312,17,2025-08-21,BOX,34,5
Košice,59737586,70,2025-08-29,BOX,90,3
Madrid,62668917,6,2025-08-29,BOX,10,2
Astana,20372968,100,2025-08-25,BOX,102,3
Kyoto,46708200,57,2025-08-28,BOX,90,2
New Orleans,78707598,24,2025-08-25,BOX,180,4
Brasília,41399863,49,2025-08-18,BOX,132,4
Košice,85285127,74,2025-08-22,BOX,151,4
Paris,59737586,29,2025-08-17,BOX,149,4
Nairobi,71980475,100,2025-08-22,BOX,48,4
Billund,18840655,82,2025-08-25,BOX,184,5
Billund,98037014,52,2025-08-22,BOX,118,3
Hanoi,55475483,95,2025-08-23,BOX,155,5
Las Vegas,56502080,18,2025-08-24,BOX,109,1
Paris,81731523,76,2025-08-24,BOX,153,3
Billund,52504998,77,2025-08-28,BOX,180,1
Paris,15278256,67,2025-08-17,BOX,119,1
Napoli,32392015,99,2025-08-22,BOX,67,4
Chicago,24888769,28,2025-08-17,BOX,94,4
Kyoto,94194918,64,2025-08-29,BOX,4,1
Madrid,96512345,67,2025-08-19,BOX,113,1
Hanoi,18840655,43,2025-08-17,BOX,123,3
Brasília,17453175,62,2025-08-26,BOX,197,5
Billund,58635850,17,2025-08-18,BOX,16,4
Chicago,39215796,21,2025-08-18,BOX,52,1
Madrid,61157691,59,2025-08-23,BOX,188,2
Hanoi,96512345,37,2025-08-26,BOX,129,3
Madrid,69895697,24,2025-08-26,BOX,200,5
Košice,62668917,90,2025-08-28,BOX,148,4
Buenos Aires,98037014,23,2025-08-23,BOX,50,2
Las Vegas,61157691,99,2025-08-25,BOX,135,2
Buenos Aires,72603018,77,2025-08-23,BOX,147,1
Las Vegas,10421203,14,2025-08-26,BOX,71,5
Las Vegas,59380140,63,2025-08-27,BOX,67,4
Chicago,18840655,8,2025-08-17,BOX,112,4
Košice,31313114,34,2025-08-21,BOX,84,1
Buenos Aires,94194918,54,2025-08-24,BOX,143,3
Chicago,51683321,85,2025-08-16,BOX,167,4
Madrid,21205569,8,2025-08-19,BOX,137,2
Chicago,17130808,54,2025-08-24,BOX,20,1
Billund,24888769,6,2025-08-21,BOX,161,2
Madrid,94726141,47,2025-08-16,BOX,150,4
Astana,96346312,7,2025-08-16,BOX,144,5
Madrid,18840655,47,2025-08-17,BOX,69,2
Napoli,24355973,76,2025-08-24,BOX,66,1
Brasília,19885636,43,2025-08-24,BOX,99,5
Madrid,62353205,48,2025-08-24,BOX,81,4
Astana,57595386,47,2025-08-24,BOX,41,3
Napoli,18565869,33,2025-08-20,BOX,122,1
Kyoto,99111914,49,2025-08-23,BOX,87,5
Las Vegas,92268084,8,2025-08-24,BOX,27,3
Napoli,42402069,100,2025-08-29,BOX,92,2
New Orleans,46442583,77,2025-08-27,BOX,91,5
Napoli,31275576,89,2025-08-19,BOX,27,5
Košice,17168706,11,2025-08-19,BOX,121,2
Kyoto,32443652,71,2025-08-25,BOX,188,1
Nairobi,61509747,71,2025-08-28,BOX,120,4
Košice,52504998,88,2025-08-26,BOX,179,1
New Orleans,71181554,12,2025-08-21,BOX,22,1
Buenos Aires,19885636,100,2025-08-24,BOX,158,3
New Orleans,20803508,68,2025-08-17,BOX,28,4
Buenos Aires,70907103,96,2025-08-21,BOX,114,4
Paris,92672362,39,2025-08-23,BOX,92,1
New Orleans,71568423,29,2025-08-25,BOX,19,5
Astana,85314939,12,2025-08-17,BOX,107,5
Nairobi,75831370,14,2025-08-27,BOX,60,2
Madrid,17168706,48,2025-08-21,BOX,92,5
Brasília,11360917,9,2025-08-22,BOX,7,3
Las Vegas,72170100,41,2025-08-18,BOX,78,1
Nairobi,21205569,26,2025-08-23,BOX,42,3
Billund,40728582,50,2025-08-29,BOX,15,1
Hanoi,24355973,72,2025-08-17,BOX,174,3
Billund,93495675,76,2025-08-21,BOX,143,2
Košice,20372968,95,2025-08-22,BOX,61,5
Kyoto,96712886,75,2025-08-19,BOX,53,3
Billund,96700462,51,2025-08-16,BOX,111,1
Astana,80074846,40,2025-08-28,BOX,49,4
Hanoi,95404043,7,2025-08-29,BOX,59,5
Buenos Aires,12241331,87,2025-08-18,BOX,85,5
Brasília,65595705,72,2025-08-22,BOX,13,4
Billund,12951182,25,2025-08-21,BOX,180,3
Hanoi,59380140,84,2025-08-17,BOX,151,2
Hanoi,82690658,38,2025-08-24,BOX,52,3
Brasília,17130808,90,2025-08-24,BOX,92,1
Buenos Aires,49035499,50,2025-08-18,BOX,73,5
Hanoi,82752871,55,2025-08-20,BOX,39,2
Chicago,26238125,17,2025-08-27,BOX,43,4
Las Vegas,92715521,52,2025-08-27,BOX,156,3
Nairobi,20732417,5,2025-08-19,BOX,85,3
Madrid,36079198,95,2025-08-23,BOX,7,4
Billund,50718994,34,2025-08-18,BOX,123,1
Buenos Aires,87633338,5,2025-08-16,BOX,143,1
New Orleans,96346312,45,2025-08-27,BOX,48,2
Paris,93937087,65,2025-08-28,BOX,36,2
Paris,62668917,82,2025-08-16,BOX,83,5
Paris,16988648,34,2025-08-29,BOX,129,1
Chicago,74024543,95,2025-08-25,BOX,118,3
Brasília,54929034,49,2025-08-18,BOX,69,2
Billund,25266942,23,2025-08-20,BOX,83,2
Paris,17453175,84,2025-08-24,BOX,183,1
Madrid,24355973,39,2025-08-24,BOX,144,1
Buenos Aires,62709687,35,2025-08-20,BOX,146,4
Buenos Aires,40728582,62,2025-08-28,BOX,148,4
Hanoi,89307752,69,2025-08-25,BOX,83,5
Paris,93495675,97,2025-08-21,BOX,113,1
Kyoto,93495675,32,2025-08-22,BOX,195,3
Paris,18565869,76,2025-08-19,BOX,188,2
Madrid,43944787,5,2025-08-20,BOX,87,2
Paris,87633338,78,2025-08-19,BOX,76,4
Madrid,55475483,73,2025-08-27,BOX,21,3
Astana,22290264,53,2025-08-26,BOX,90,2
Buenos Aires,41848069,25,2025-08-28,BOX,197,5
Madrid,98037014,98,2025-08-28,BOX,88,4
New Orleans,28343414,19,2025-08-29,BOX,92,5
Las Vegas,36079198,66,2025-08-29,BOX,79,5
Košice,97198496,78,2025-08-16,BOX,65,4
Buenos Aires,56960374,13,2025-08-28,BOX,191,5
Madrid,54030398,92,2025-08-26,BOX,130,3
Chicago,62709687,65,2025-08-29,BOX,80,2
Košice,20929322,37,2025-08-25,BOX,123,2
Las Vegas,84350729,52,2025-08-28,BOX,76,5
Kyoto,24355973,71,2025-08-26,BOX,191,4
Brasília,60445857,3,2025-08-24,BOX,185,4
Kyoto,26647973,75,2025-08-20,BOX,80,4
Brasília,85314939,54,2025-08-25,BOX,96,1
Napoli,51234161,32,2025-08-23,BOX,94,3
Hanoi,96737662,7,2025-08-24,BOX,8,5
Madrid,73130508,66,2025-08-17,BOX,66,5
Paris,81570333,17,2025-08-25,BOX,187,2
Brasília,37464375,14,2025-08-27,BOX,103,3
Chicago,51234161,67,2025-08-25,BOX,83,2
Hanoi,96700462,58,2025-08-22,BOX,176,3
Astana,26238125,25,2025-08-22,BOX,119,4
Nairobi,17130808,94,2025-08-18,BOX,173,1
Billund,27798366,19,2025-08-26,BOX,45,4
Astana,82690658,29,2025-08-20,BOX,90,2
Kyoto,12241331,23,2025-08-25,BOX,129,5
New Orleans,20732417,17,2025-08-29,BOX,108,4
Billund,29544827,86,2025-08-25,BOX,66,1
Hanoi,25318286,67,2025-08-28,BOX,144,4
Paris,62353205,73,2025-08-19,BOX,20,2
Buenos Aires,72284197,38,2025-08-25,BOX,170,2
Astana,12241331,8,2025-08-27,BOX,31,4
Billund,71980475,16,2025-08-24,BOX,29,2
Buenos Aires,26647973,69,2025-08-22,BOX,100,4
Hanoi,46671750,59,2025-08-27,BOX,187,1
Napoli,56726926,67,2025-08-16,BOX,102,3
New Orleans,89307752,61,2025-08-20,BOX,35,2
Buenos Aires,54929034,17,2025-08-20,BOX,134,3
Paris,41848069,19,2025-08-20,BOX,147,2
Buenos Aires,51234161,72,2025-08-24,BOX,186,4
Billund,43944787,100,2025-08-19,BOX,162,2
New Orleans,51234161,57,2025-08-23,BOX,57,4
Las Vegas,82850786,75,2025-08-21,BOX,120,3
Las Vegas,46708200,99,2025-08-23,BOX,158,2
Paris,23855024,33,2025-08-26,BOX,90,1
Košice,98018344,46,2025-08-20,BOX,192,1
Chicago,92268084,1,2025-08-29,BOX,196,4
Napoli,45686700,79,2025-08-24,BOX,55,2
Astana,57698208,45,2025-08-21,BOX,51,4
Nairobi,88447816,38,2025-08-26,BOX,145,3
New Orleans,93937087,2,2025-08-17,BOX,179,3
Kyoto,88954974,23,2025-08-22,BOX,110,2
New Orleans,23855024,25,2025-08-22,BOX,135,2
Las Vegas,96346312,5,2025-08-16,BOX,182,2
Napoli,59737586,51,2025-08-23,BOX,102,4
Košice,32443652,37,2025-08-26,BOX,199,3
Napoli,84350729,29,2025-08-22,BOX,125,1
New Orleans,51257229,86,2025-08-27,BOX,21,3
Chicago,57595386,66,2025-08-17,BOX,191,4
Brasília,74039479,1,2025-08-28,BOX,60,2
Chicago,67272159,41,2025-08-25,BOX,5,2
Paris,82752871,78,2025-08-24,BOX,139,4
Billund,19492526,56,2025-08-28,BOX,175,5
Chicago,65595705,63,2025-08-20,BOX,25,1
Las Vegas,17168706,11,2025-08-27,BOX,179,3
Las Vegas,45686700,78,2025-08-29,BOX,188,3
Košice,90144431,50,2025-08-24,BOX,199,4
Brasília,39215796,53,2025-08-16,BOX,46,4
Paris,65595705,8,2025-08-20,BOX,180,4
Hanoi,59737586,94,2025-08-21,BOX,161,1
Paris,96712886,11,2025-08-23,BOX,81,3
Buenos Aires,18565869,9,2025-08-29,BOX,142,3
Nairobi,70907103,69,2025-08-24,BOX,56,2
Paris,92268084,32,2025-08-28,BOX,181,1
Madrid,59380140,37,2025-08-21,BOX,13,5
Brasília,24355973,12,2025-08-26,BOX,182,3
Hanoi,25266942,5,2025-08-24,BOX,177,5
New Orleans,85285127,29,2025-08-21,BOX,103,2
New Orleans,82752871,50,2025-08-22,BOX,30,2
Madrid,56960374,25,2025-08-27,BOX,8,3
Buenos Aires,24888769,80,2025-08-16,BOX,7,3
Brasília,64344002,36,2025-08-23,BOX,56,5
Kyoto,97539225,25,2025-08-20,BOX,34,3
Košice,29544827,92,2025-08-29,BOX,111,1
Billund,71568423,33,2025-08-24,BOX,51,1
Astana,87528770,26,2025-08-29,BOX,82,3
Billund,80655955,69,2025-08-26,BOX,129,3
Hanoi,69895697,78,2025-08-19,BOX,78,4
Astana,54598736,95,2025-08-23,BOX,149,2
Brasília,20732417,86,2025-08-25,BOX,129,1
Chicago,87528770,14,2025-08-19,BOX,199,5
Košice,59428173,65,2025-08-26,BOX,199,1
Chicago,54030398,85,2025-08-17,BOX,37,5
Las Vegas,24355973,11,2025-08-17,BOX,175,1
Brasília,90144431,65,2025-08-17,BOX,182,2
Nairobi,18367499,42,2025-08-21,BOX,166,2
Las Vegas,18367499,66,2025-08-23,BOX,176,1
Kyoto,16546529,11,2025-08-22,BOX,146,1
Madrid,72284197,44,2025-08-19,BOX,163,4
Buenos Aires,82850786,11,2025-08-25,BOX,36,1
Brasília,71181554,84,2025-08-19,BOX,147,3
Billund,94726141,71,2025-08-27,BOX,98,1
Astana,19114005,98,2025-08-22,BOX,12,1
Madrid,60733997,46,2025-08-29,BOX,46,3
Hanoi,87633338,43,2025-08-29,BOX,165,4
Chicago,46673149,21,2025-08-29,BOX,53,2
Buenos Aires,97539225,80,2025-08-27,BOX,14,2
Nairobi,32400502,38,2025-08-18,BOX,126,2
Chicago,78707598,70,2025-08-28,BOX,191,2
Paris,30295812,53,2025-08-21,BOX,101,4
Napoli,59781679,68,2025-08-19,BOX,90,4
Las Vegas,57595386,34,2025-08-22,BOX,15,1
Napoli,88447816,15,2025-08-19,BOX,192,2
Paris,40728582,23,2025-08-28,BOX,34,2
Kyoto,26238125,81,2025-08-16,BOX,110,3
Košice,57547517,33,2025-08-19,BOX,32,2
Billund,31313114,94,2025-08-19,BOX,104,2
Napoli,92672362,28,2025-08-17,BOX,165,5
Buenos Aires,59737586,61,2025-08-17,BOX,149,2
Paris,54030398,77,2025-08-27,BOX,142,2
Kyoto,96512345,3,2025-08-27,BOX,151,3
Chicago,95404043,39,2025-08-27,BOX,129,2
New Orleans,57595386,50,2025-08-25,BOX,189,5
Paris,59380140,89,2025-08-25,BOX,168,1
New Orleans,25266942,57,2025-08-21,BOX,198,4
Madrid,78770832,78,2025-08-16,BOX,119,2
Billund,61157691,76,2025-08-19,BOX,180,5
Brasília,45615280,97,2025-08-27,BOX,125,2
Paris,19114005,62,2025-08-26,BOX,198,4
New Orleans,65595705,17,2025-08-29,BOX,63,5
Astana,18565869,76,2025-08-21,BOX,49,3
Nairobi,18506990,36,2025-08-19,BOX,188,3
Buenos Aires,19114005,31,2025-08-23,BOX,177,4
Nairobi,19114005,3,2025-08-17,BOX,40,3
Buenos Aires,16546529,44,2025-08-29,BOX,107,4
Madrid,20732417,77,2025-08-17,BOX,125,1
Brasília,59781679,82,2025-08-18,BOX,179,3
Madrid,64344002,95,2025-08-20,BOX,10,2
Košice,97761535,84,2025-08-20,BOX,117,3
Brasília,11685571,68,2025-08-20,BOX,41,5
Buenos Aires,37464375,48,2025-08-25,BOX,46,3
Nairobi,50718994,14,2025-08-24,BOX,69,2
Las Vegas,46671750,68,2025-08-16,BOX,28,4
Las Vegas,18506990,46,2025-08-22,BOX,193,3
Chicago,82164498,24,2025-08-29,BOX,195,4
New Orleans,79035651,23,2025-08-18,BOX,119,3
Las Vegas,80655955,60,2025-08-19,BOX,129,2
Las Vegas,75031949,23,2025-08-17,BOX,14,1
Napoli,31313114,13,2025-08-16,BOX,164,4
Nairobi,32443652,64,2025-08-16,BOX,77,1
Nairobi,12951182,37,2025-08-24,BOX,58,5
Billund,59737586,92,2025-08-19,BOX,44,1
Napoli,96712886,35,2025-08-18,BOX,162,4
Billund,82164498,96,2025-08-26,BOX,132,3
Chicago,90667057,80,2025-08-29,BOX,180,2
Brasília,26647973,61,2025-08-18,BOX,98,2
Košice,74024543,11,2025-08-27,BOX,86,2
Las Vegas,58635850,28,2025-08-18,BOX,92,2
Kyoto,22290264,76,2025-08-16,BOX,187,2
Napoli,24888769,61,2025-08-26,BOX,175,4
Madrid,81731523,59,2025-08-20,BOX,180,1
New Orleans,93495675,67,2025-08-18,BOX,48,1
Kyoto,59781679,45,2025-08-16,BOX,152,3
Buenos Aires,62353205,63,2025-08-18,BOX,170,3
Buenos Aires,26238125,72,2025-08-23,BOX,176,2
Paris,97539225,30,2025-08-26,BOX,91,3
Madrid,88954974,50,2025-08-22,BOX,110,4
Astana,43164692,10,2025-08-28,BOX,194,4
Nairobi,25318286,74,2025-08-28,BOX,56,3
Madrid,92268084,49,2025-08-22,BOX,59,1
Hanoi,59428173,54,2025-08-26,BOX,92,5
Paris,52504998,91,2025-08-28,BOX,102,3
New Orleans,54598736,56,2025-08-27,BOX,185,5
Napoli,30295812,20,2025-08-16,BOX,13,1
Hanoi,18565869,32,2025-08-25,BOX,132,2
Astana,24888769,56,2025-08-25,BOX,137,5
New Orleans,98037014,58,2025-08-18,BOX,62,4
Nairobi,41367741,40,2025-08-27,BOX,9,5
Billund,21988669,79,2025-08-22,BOX,75,2
Hanoi,91468175,91,2025-08-29,BOX,66,1
Las Vegas,69895697,97,2025-08-16,BOX,9,4
Billund,97761535,70,2025-08-20,BOX,1,2
New Orleans,18506990,39,2025-08-19,BOX,186,3
Košice,60445857,66,2025-08-23,BOX,52,4
Nairobi,71181554,92,2025-08-29,BOX,31,5
Hanoi,45615280,29,2025-08-24,BOX,57,5
Madrid,43164692,21,2025-08-23,BOX,144,3
Košice,90667057,100,2025-08-21,BOX,146,4
Madrid,44893381,77,2025-08-20,BOX,80,2
Buenos Aires,96737662,96,2025-08-24,BOX,119,4
Brasília,60733997,89,2025-08-25,BOX,24,4
Madrid,16988648,22,2025-08-25,BOX,104,1
Las Vegas,11360917,76,2025-08-24,BOX,137,3
Brasília,14334777,51,2025-08-28,BOX,174,1
Chicago,60942140,11,2025-08-23,BOX,46,4
Kyoto,47719696,62,2025-08-27,BOX,62,1
Kyoto,39215796,76,2025-08-26,BOX,37,4
Buenos Aires,92268084,77,2025-08-22,BOX,176,5
Astana,84783963,93,2025-08-20,BOX,11,3
Nairobi,93937087,68,2025-08-27,BOX,44,5
Hanoi,42441663,40,2025-08-20,BOX,95,3
Billund,87528770,39,2025-08-22,BOX,133,4
Hanoi,12241331,94,2025-08-29,BOX,56,4
Košice,78707598,56,2025-08-27,BOX,183,1
Las Vegas,43944787,26,2025-08-17,BOX,193,1
Madrid,70907103,31,2025-08-20,BOX,30,2
Hanoi,31275576,25,2025-08-28,BOX,116,4
Brasília,92672362,90,2025-08-27,BOX,189,1
Napoli,90667057,83,2025-08-23,BOX,87,4
Paris,39215796,26,2025-08-27,BOX,108,4
Astana,82850786,48,2025-08-16,BOX,200,3
Nairobi,85285127,80,2025-08-27,BOX,28,1
New Orleans,67272159,93,2025-08-26,BOX,59,2
Madrid,62680688,37,2025-08-27,BOX,14,5
Buenos Aires,96700462,63,2025-08-26,BOX,72,4
Chicago,84783963,71,2025-08-21,BOX,17,2
Chicago,96737662,56,2025-08-27,BOX,109,3
Paris,20732417,77,2025-08-19,BOX,22,5
Brasília,18840655,1,2025-08-23,BOX,58,2
Kyoto,59737586,14,2025-08-18,BOX,18,4
Košice,39912456,21,2025-08-29,BOX,125,3
Brasília,97814592,27,2025-08-25,BOX,172,5
Las Vegas,31313114,44,2025-08-19,BOX,95,5
Brasília,69895697,98,2025-08-25,BOX,99,1
New Orleans,71980475,88,2025-08-25,BOX,69,4
Chicago,19114005,25,2025-08-26,BOX,103,1
Nairobi,42903048,24,2025-08-17,BOX,33,4
Buenos Aires,60942140,32,2025-08-18,BOX,99,4
Napoli,82164498,34,2025-08-18,BOX,13,4
Astana,59787514,43,2025-08-18,BOX,155,1
Astana,62680688,50,2025-08-28,BOX,195,2
Brasília,75831370,72,2025-08-19,BOX,92,1
Billund,59781679,99,2025-08-25,BOX,42,3
Nairobi,59737586,2,2025-08-22,BOX,10,1
Hanoi,46442583,20,2025-08-21,BOX,168,3
Buenos Aires,23863728,52,2025-08-23,BOX,145,1
Nairobi,15278256,1,2025-08-20,BOX,126,1
Billund,21205569,64,2025-08-16,BOX,129,3
Las Vegas,91468175,24,2025-08-16,BOX,38,5
Billund,24985277,61,2025-08-17,BOX,163,4
New Orleans,62709687,3,2025-08-29,BOX,197,3
Košice,32392015,63,2025-08-18,BOX,119,1
Paris,90794424,78,2025-08-29,BOX,10,3
Brasília,71980475,16,2025-08-27,BOX,79,1
Hanoi,90144431,99,2025-08-20,BOX,37,4
Las Vegas,50718994,72,2025-08-29,BOX,171,5
New Orleans,59380140,1,2025-08-24,BOX,113,3
Nairobi,96512345,64,2025-08-16,BOX,24,1
Hanoi,57595386,7,2025-08-18,BOX,106,2
Chicago,41848069,68,2025-08-21,BOX,166,3
Hanoi,92715521,34,2025-08-22,BOX,114,1
Paris,71980475,54,2025-08-24,BOX,147,2
Buenos Aires,72170100,1,2025-08-26,BOX,30,3
Paris,72284197,6,2025-08-19,BOX,120,3
Nairobi,56502080,1,2025-08-16,BOX,193,3
Paris,56960374,15,2025-08-19,BOX,144,1
Paris,62680688,5,2025-08-21,BOX,143,4
Buenos Aires,90144431,34,2025-08-28,BOX,65,2
Paris,80655955,79,2025-08-19,BOX,7,2
Kyoto,57547517,32,2025-08-27,BOX,7,1
New Orleans,56726926,34,2025-08-27,BOX,8,1
Kyoto,92715521,20,2025-08-28,BOX,103,4
New Orleans,78770832,92,2025-08-27,BOX,133,3
Kyoto,39912456,53,2025-08-26,BOX,200,1
New Orleans,15278256,88,2025-08-21,BOX,73,5
Košice,24740363,51,2025-08-26,BOX,110,1
Madrid,28343414,8,2025-08-16,BOX,56,3
Košice,62709687,71,2025-08-23,BOX,111,2
Brasília,42903048,76,2025-08-27,BOX,132,2
Brasília,43944787,4,2025-08-21,BOX,64,3
Kyoto,59428173,33,2025-08-16,BOX,39,3
Chicago,71857900,64,2025-08-23,BOX,133,4
Brasília,60942140,50,2025-08-17,BOX,119,2
New Orleans,66513789,39,2025-08-25,BOX,166,4
Napoli,85314939,8,2025-08-27,BOX,103,1
Las Vegas,85314939,10,2025-08-22,BOX,86,3
Košice,81570333,36,2025-08-19,BOX,63,1
Košice,61509747,95,2025-08-27,BOX,78,2
Nairobi,40728582,83,2025-08-18,BOX,30,5
Billund,78707598,59,2025-08-26,BOX,21,3
Chicago,98018344,89,2025-08-21,BOX,59,1
Buenos Aires,65595705,43,2025-08-20,BOX,140,5
Brasília,10421203,36,2025-08-17,BOX,15,4
Chicago,19492526,80,2025-08-27,BOX,91,1
Astana,24985277,75,2025-08-17,BOX,47,2
Madrid,16546529,50,2025-08-24,BOX,112,3
Nairobi,93495675,60,2025-08-20,BOX,92,4
Buenos Aires,14334777,47,2025-08-16,BOX,6,1
Astana,19492526,27,2025-08-21,BOX,126,2
Nairobi,96712886,25,2025-08-25,BOX,180,2
Košice,92672362,51,2025-08-25,BOX,18,1
Chicago,16681125,20,2025-08-20,BOX,57,2
Astana,20732417,18,2025-08-27,BOX,122,2
Napoli,51257229,8,2025-08-26,BOX,90,3
Brasília,12951182,38,2025-08-18,BOX,138,4
Hanoi,39215796,88,2025-08-23,BOX,101,5
Hanoi,18506990,14,2025-08-29,BOX,149,1
Las Vegas,18565869,46,2025-08-18,BOX,40,3
Billund,98018344,81,2025-08-29,BOX,89,1
Košice,90794424,81,2025-08-28,BOX,57,1
Košice,50718994,71,2025-08-23,BOX,31,5
Brasília,44893381,97,2025-08-24,BOX,105,2
Buenos Aires,96346312,79,2025-08-17,BOX,123,2
Astana,32392015,37,2025-08-27,BOX,137,4
Brasília,18506990,78,2025-08-23,BOX,133,5
Košice,97814592,39,2025-08-19,BOX,58,4
Napoli,81731523,37,2025-08-17,BOX,163,5
Buenos Aires,29544827,94,2025-08-18,BOX,63,2
Hanoi,49035499,80,2025-08-28,BOX,23,1
Hanoi,36079198,78,2025-08-25,BOX,17,4
New Orleans,21754460,46,2025-08-27,BOX,144,5
Billund,18402062,35,2025-08-17,BOX,170,4
Astana,33451509,34,2025-08-20,BOX,17,1
Astana,59428173,43,2025-08-20,BOX,200,5
Nairobi,42441663,73,2025-08-18,BOX,151,5
Astana,91468175,93,2025-08-19,BOX,142,4
Chicago,16546529,15,2025-08-18,BOX,172,3
Kyoto,54030398,50,2025-08-18,BOX,25,4
Košice,24355973,83,2025-08-27,BOX,48,2
Las Vegas,97761535,2,2025-08-19,BOX,125,4
Paris,82164498,70,2025-08-20,BOX,194,1
Madrid,93937087,60,2025-08-29,BOX,131,4
Kyoto,95404043,60,2025-08-25,BOX,139,3
Hanoi,92672362,47,2025-08-16,BOX,165,5
Hanoi,80074846,91,2025-08-28,BOX,163,5
Astana,11685571,71,2025-08-23,BOX,47,5
Buenos Aires,89307752,18,2025-08-22,BOX,115,5
Las Vegas,97724864,93,2025-08-17,BOX,76,1
Astana,20929322,91,2025-08-20,BOX,147,3
New Orleans,75031949,91,2025-08-16,BOX,124,3
Paris,39912456,7,2025-08-24,BOX,76,1
Košice,91468175,96,2025-08-24,BOX,10,3
Billund,54929034,45,2025-08-25,BOX,76,2
Napoli,16546529,81,2025-08-19,BOX,94,5
Chicago,81570333,84,2025-08-16,BOX,32,3
Las Vegas,42441663,53,2025-08-25,BOX,140,5
Napoli,20732417,98,2025-08-23,BOX,113,3
Brasília,96712886,17,2025-08-19,BOX,193,3
Košice,93495675,83,2025-08-20,BOX,34,4
Kyoto,43164692,75,2025-08-23,BOX,43,3
Brasília,61509747,98,2025-08-20,BOX,9,1
Madrid,89307752,93,2025-08-19,BOX,200,4
New Orleans,27798366,44,2025-08-16,BOX,46,3
Las Vegas,85266556,6,2025-08-24,BOX,16,3
Kyoto,90794424,15,2025-08-21,BOX,50,1
Hanoi,23863728,11,2025-08-28,BOX,184,3
Hanoi,17130808,2,2025-08-20,BOX,22,4
Buenos Aires,31313114,58,2025-08-19,BOX,155,1
Košice,79035651,42,2025-08-17,BOX,77,1
New Orleans,98397958,42,2025-08-24,BOX,130,5
Brasília,59428173,21,2025-08-28,BOX,167,5
Las Vegas,57698208,86,2025-08-29,BOX,138,2
Astana,28343414,91,2025-08-18,BOX,35,5
Napoli,40728582,27,2025-08-26,BOX,140,4
Napoli,54463973,74,2025-08-16,BOX,85,1
Las Vegas,24888769,1,2025-08-24,BOX,177,4
Napoli,74024543,65,2025-08-26,BOX,73,2
Astana,93937087,25,2025-08-29,BOX,56,4
Brasília,47719696,13,2025-08-21,BOX,86,1
Buenos Aires,16988648,15,2025-08-26,BOX,52,5
Košice,18402062,71,2025-08-22,BOX,125,3
Madrid,24985277,63,2025-08-21,BOX,86,5
Napoli,92268084,56,2025-08-17,BOX,129,5
Kyoto,62353205,94,2025-08-25,BOX,184,5
Napoli,20929322,11,2025-08-21,BOX,134,5
New Orleans,16988648,54,2025-08-26,BOX,111,5
Astana,52504998,62,2025-08-28,BOX,39,2
Paris,99111914,49,2025-08-26,BOX,177,4
Kyoto,30295812,31,2025-08-20,BOX,35,4
Astana,14334777,68,2025-08-21,BOX,89,1
Hanoi,21754460,60,2025-08-29,BOX,39,4
Chicago,49035499,90,2025-08-22,BOX,72,1
Kyoto,16988648,6,2025-08-27,BOX,72,3
Kyoto,63993191,65,2025-08-21,BOX,194,1
Las Vegas,87633338,80,2025-08-28,BOX,143,2
Las Vegas,26647973,41,2025-08-27,BOX,142,5
Kyoto,64344002,89,2025-08-19,BOX,5,1
Paris,94726141,79,2025-08-17,BOX,159,3
Kyoto,51234161,12,2025-08-18,BOX,123,1
Billund,59380140,29,2025-08-16,BOX,139,2
Buenos Aires,60445857,28,2025-08-25,BOX,153,5
Nairobi,59380140,85,2025-08-28,BOX,86,4
Nairobi,46442583,48,2025-08-28,BOX,151,1
Paris,54463973,74,2025-08-17,BOX,92,3
New Orleans,18840655,72,2025-08-22,BOX,85,3
Nairobi,80655955,14,2025-08-23,BOX,156,3
Billund,31275576,4,2025-08-29,BOX,113,5
Madrid,29544827,38,2025-08-17,BOX,108,2
Hanoi,19885636,65,2025-08-17,BOX,194,3
Košice,89307752,68,2025-08-27,BOX,183,4
Napoli,78707598,58,2025-08-17,BOX,83,5
Buenos Aires,84783963,55,2025-08-23,BOX,135,2
Astana,30295812,91,2025-08-20,BOX,146,4
Buenos Aires,59781679,38,2025-08-25,BOX,34,4
Paris,54929034,38,2025-08-20,BOX,77,4
Chicago,32400502,22,2025-08-28,BOX,154,1
Kyoto,41848069,20,2025-08-19,BOX,97,4
New Orleans,23863728,32,2025-08-26,BOX,91,3
Madrid,52504998,65,2025-08-18,BOX,24,1
New Orleans,70907103,6,2025-08-23,BOX,32,3
Las Vegas,62709687,41,2025-08-23,BOX,69,4
Brasília,98037014,81,2025-08-17,BOX,17,3
Chicago,30811180,32,2025-08-28,BOX,2,3
Astana,37464375,88,2025-08-28,BOX,43,4
Hanoi,43944787,60,2025-08-20,BOX,84,2
Billund,65595705,82,2025-08-25,BOX,94,4
Napoli,88954974,56,2025-08-26,BOX,52,2
Madrid,49035499,67,2025-08-23,BOX,106,3
Nairobi,90144431,45,2025-08-24,BOX,164,5
Buenos Aires,54463973,58,2025-08-26,BOX,33,1
Chicago,16988648,70,2025-08-26,BOX,108,1
Las Vegas,23855024,23,2025-08-16,BOX,59,4
Hanoi,27798366,81,2025-08-26,BOX,181,4
Napoli,98037014,84,2025-08-19,BOX,195,1
Kyoto,19492526,33,2025-08-24,BOX,141,2
Madrid,85266556,7,2025-08-25,BOX,146,3
Brasília,78707598,91,2025-08-27,BOX,184,2
Billund,60733997,26,2025-08-26,BOX,179,1
Brasília,58635850,29,2025-08-16,BOX,88,5
Buenos Aires,47719696,38,2025-08-21,BOX,32,3
Košice,18565869,56,2025-08-28,BOX,36,2
Brasília,32392015,72,2025-08-20,BOX,149,4
Buenos Aires,98397958,38,2025-08-24,BOX,121,5
New Orleans,49035499,10,2025-08-26,BOX,54,5
Las Vegas,26238125,40,2025-08-29,BOX,43,3
Las Vegas,42402069,63,2025-08-17,BOX,50,3
Chicago,46671750,40,2025-08-22,BOX,6,2
Paris,20372968,36,2025-08-17,BOX,89,4
New Orleans,46671750,45,2025-08-27,BOX,193,1
Chicago,73130508,73,2025-08-20,BOX,53,4
Madrid,67272159,5,2025-08-27,BOX,32,1
Buenos Aires,23792176,62,2025-08-21,BOX,14,2
Billund,70907103,49,2025-08-25,BOX,17,5
Kyoto,79035651,47,2025-08-28,BOX,6,3
Billund,28343414,96,2025-08-29,BOX,117,3
Brasília,90667057,15,2025-08-23,BOX,187,3
Nairobi,82164498,82,2025-08-23,BOX,95,1
Chicago,41399863,98,2025-08-16,BOX,59,3
Astana,18840655,48,2025-08-26,BOX,98,2
Buenos Aires,18506990,97,2025-08-28,BOX,171,5
Madrid,88664403,82,2025-08-20,BOX,198,3
Nairobi,96737662,92,2025-08-20,BOX,84,5
New Orleans,10421203,46,2025-08-26,BOX,128,1
Astana,90144431,5,2025-08-29,BOX,128,4
Las Vegas,74024543,22,2025-08-16,BOX,125,4
Buenos Aires,21988669,25,2025-08-19,BOX,97,2
Madrid,85314939,10,2025-08-16,BOX,125,1
Nairobi,74039479,7,2025-08-29,BOX,184,2
Madrid,32443652,55,2025-08-25,BOX,93,2
Napoli,15278256,65,2025-08-21,BOX,78,5
Billund,81731523,12,2025-08-21,BOX,95,2
Paris,32400502,17,2025-08-24,BOX,140,5
Paris,97724864,86,2025-08-22,BOX,40,4
Billund,14334777,68,2025-08-25,BOX,33,2
Nairobi,84783963,100,2025-08-18,BOX,53,2
Košice,24985277,52,2025-08-26,BOX,134,5
Brasília,61157691,36,2025-08-16,BOX,163,4
Chicago,42903048,40,2025-08-22,BOX,137,4
Madrid,24888769,53,2025-08-22,BOX,168,2
Brasília,16546529,78,2025-08-17,BOX,82,5
Buenos Aires,98018344,93,2025-08-18,BOX,127,2
Astana,88664403,20,2025-08-26,BOX,108,1
Kyoto,94726141,78,2025-08-18,BOX,166,4
Las Vegas,96512345,71,2025-08-25,BOX,62,4
Kyoto,17168706,43,2025-08-16,BOX,119,2
Las Vegas,77244724,44,2025-08-21,BOX,76,3
Chicago,69895697,40,2025-08-27,BOX,36,2
Košice,63993191,26,2025-08-19,BOX,51,3
Las Vegas,81731523,11,2025-08-22,BOX,70,3
Madrid,75031949,4,2025-08-16,BOX,145,4
Košice,46671750,73,2025-08-21,BOX,91,4
Buenos Aires,32400502,15,2025-08-26,BOX,160,3
Chicago,94726141,2,2025-08-28,BOX,171,5
Košice,17130808,98,2025-08-21,BOX,57,5
Hanoi,16681125,33,2025-08-26,BOX,22,2
New Orleans,82850786,80,2025-08-21,BOX,196,5
Kyoto,97814592,80,2025-08-27,BOX,112,1
New Orleans,41399863,72,2025-08-27,BOX,24,4
Košice,42402069,31,2025-08-28,BOX,135,1
Madrid,23792176,44,2025-08-16,BOX,54,5
Las Vegas,21988669,11,2025-08-22,BOX,187,2
Košice,82752871,76,2025-08-20,BOX,63,2
Brasília,98397958,97,2025-08-22,BOX,85,3
Buenos Aires,64344002,82,2025-08-25,BOX,11,5
Hanoi,59781679,65,2025-08-29,BOX,69,1
Nairobi,90667057,50,2025-08-17,BOX,186,4
Kyoto,29544827,97,2025-08-19,BOX,132,1
Chicago,59380140,48,2025-08-25,BOX,148,4
Astana,32400502,75,2025-08-25,BOX,18,2
Billund,57547517,64,2025-08-20,BOX,143,1
Kyoto,98397958,29,2025-08-27,BOX,140,2
Madrid,41848069,65,2025-08-21,BOX,50,3
New Orleans,91468175,81,2025-08-26,BOX,106,2
Hanoi,71181554,23,2025-08-22,BOX,178,2
Hanoi,45686700,100,2025-08-19,BOX,170,2
Billund,77244724,61,2025-08-24,BOX,61,5
Madrid,47719696,45,2025-08-18,BOX,98,1
Las Vegas,20372968,56,2025-08-20,BOX,96,4
New Orleans,97539225,48,2025-08-24,BOX,100,2
Brasília,17168706,63,2025-08-18,BOX,33,2
Napoli,19885636,3,2025-08-27,BOX,168,1
Košice,47719696,36,2025-08-26,BOX,81,2
Hanoi,85314939,99,2025-08-27,BOX,17,2
Brasília,84350729,22,2025-08-16,BOX,199,5
Madrid,60445857,85,2025-08-23,BOX,144,5
Las Vegas,45615280,14,2025-08-17,BOX,50,4
Hanoi,81570333,38,2025-08-26,BOX,179,5
Buenos Aires,62680688,41,2025-08-28,BOX,153,4
Billund,97198496,19,2025-08-22,BOX,5,4
Brasília,63993191,32,2025-08-17,BOX,107,3
Las Vegas,21754460,76,2025-08-28,BOX,31,1
Napoli,79035651,96,2025-08-27,BOX,127,2
Buenos Aires,48028821,18,2025-08-21,BOX,136,2
Hanoi,97539225,8,2025-08-29,BOX,123,2
Astana,45615280,18,2025-08-17,BOX,58,2
New Orleans,61157691,95,2025-08-18,BOX,58,2
Brasília,88664403,73,2025-08-18,BOX,140,5
Kyoto,80074846,77,2025-08-25,BOX,18,2
Billund,90667057,1,2025-08-17,BOX,151,5
Kyoto,23863728,65,2025-08-26,BOX,37,1
Billund,57698208,65,2025-08-20,BOX,140,2
Košice,96346312,14,2025-08-24,BOX,136,3
New Orleans,59428173,95,2025-08-17,BOX,57,4
Las Vegas,37464375,32,2025-08-19,BOX,43,5
Napoli,96512345,36,2025-08-26,BOX,174,3
New Orleans,46708200,98,2025-08-29,BOX,72,2
Billund,81729288,27,2025-08-29,BOX,173,4
Madrid,97539225,53,2025-08-25,BOX,101,4
Chicago,42402069,6,2025-08-21,BOX,74,2
New Orleans,99111914,14,2025-08-29,BOX,18,5
Košice,73130508,93,2025-08-22,BOX,21,4
Billund,62668917,12,2025-08-23,BOX,177,5
Chicago,37464375,10,2025-08-29,BOX,142,4
New Orleans,80655955,42,2025-08-16,BOX,157,4
Nairobi,94194918,21,2025-08-25,BOX,95,2
Paris,41399863,14,2025-08-28,BOX,180,4
Kyoto,30811180,61,2025-08-18,BOX,37,3
Napoli,59380140,79,2025-08-26,BOX,149,3
Las Vegas,95404043,61,2025-08-25,BOX,96,1
Paris,22290264,21,2025-08-24,BOX,175,4
Astana,78707598,74,2025-08-25,BOX,152,5
Madrid,95404043,69,2025-08-19,BOX,58,2
Billund,81570333,56,2025-08-23,BOX,100,4
Buenos Aires,32443652,39,2025-08-19,BOX,187,4
Kyoto,87633338,45,2025-08-24,BOX,189,1
Brasília,97761535,98,2025-08-24,BOX,160,1
Napoli,57595386,92,2025-08-27,BOX,172,2
Chicago,18565869,68,2025-08-17,BOX,57,2
Buenos Aires,90794424,99,2025-08-18,BOX,81,2
Košice,46673149,18,2025-08-28,BOX,99,1
Napoli,42441663,66,2025-08-26,BOX,82,3
Astana,50718994,84,2025-08-22,BOX,41,1
Brasília,62353205,91,2025-08-20,BOX,56,2
Astana,67272159,73,2025-08-20,BOX,172,5
Nairobi,45615280,71,2025-08-17,BOX,116,3
Košice,25266942,52,2025-08-22,BOX,39,5
Paris,78770832,69,2025-08-23,BOX,149,1
Buenos Aires,17168706,38,2025-08-21,BOX,98,2
Billund,62680688,10,2025-08-23,BOX,23,2
Nairobi,91468175,83,2025-08-26,BOX,53,4
Billund,17130808,26,2025-08-17,BOX,58,2
Astana,23863728,81,2025-08-29,BOX,83,5
Billund,20372968,58,2025-08-17,BOX,192,5
New Orleans,16546529,11,2025-08-18,BOX,9,3
Brasília,72284197,71,2025-08-29,BOX,168,1
Chicago,96712886,94,2025-08-16,BOX,185,3
New Orleans,11360917,26,2025-08-22,BOX,95,4
Buenos Aires,71181554,46,2025-08-17,BOX,116,3
Kyoto,97724864,38,2025-08-18,BOX,38,3
Napoli,51683321,55,2025-08-27,BOX,106,2
Buenos Aires,95404043,80,2025-08-16,BOX,91,3
Billund,36079198,59,2025-08-21,BOX,133,5
Las Vegas,12951182,95,2025-08-23,BOX,18,3
New Orleans,97761535,97,2025-08-25,BOX,58,5
Buenos Aires,60733997,44,2025-08-17,BOX,27,4
Las Vegas,19885636,20,2025-08-23,BOX,37,4
Paris,45686700,85,2025-08-25,BOX,104,4
Brasília,89307752,16,2025-08-23,BOX,151,3
Billund,45686700,81,2025-08-22,BOX,173,3
Buenos Aires,42903048,47,2025-08-21,BOX,192,3
Billund,26238125,85,2025-08-29,BOX,57,2
Chicago,18367499,17,2025-08-16,BOX,146,1
Buenos Aires,62668917,90,2025-08-23,BOX,41,3
Astana,17453175,32,2025-08-18,BOX,144,1
Napoli,23863728,24,2025-08-26,BOX,123,5
Las Vegas,16988648,99,2025-08-22,BOX,193,2
Billund,96512345,9,2025-08-26,BOX,186,1
Madrid,26647973,43,2025-08-24,BOX,116,4
Napoli,80655955,18,2025-08-20,BOX,14,2
Paris,69895697,24,2025-08-16,BOX,23,1
Paris,19492526,62,2025-08-17,BOX,95,1
Astana,41399863,52,2025-08-21,BOX,177,3
Billund,82752871,51,2025-08-23,BOX,156,1
Billund,84783963,59,2025-08-29,BOX,36,3
Las Vegas,20929322,100,2025-08-22,BOX,167,5
Las Vegas,29544827,94,2025-08-18,BOX,8,3
Billund,89307752,37,2025-08-22,BOX,58,5
Billund,45615280,42,2025-08-25,BOX,123,5
Astana,62709687,25,2025-08-27,BOX,150,1
Astana,18367499,40,2025-08-19,BOX,108,4
Nairobi,55475483,40,2025-08-16,BOX,41,3
Kyoto,37464375,96,2025-08-16,BOX,89,1
New Orleans,42441663,56,2025-08-18,BOX,149,5
Hanoi,16546529,1,2025-08-24,BOX,17,2
Kyoto,78770832,53,2025-08-28,BOX,65,3
Brasília,24740363,83,2025-08-22,BOX,165,1
Buenos Aires,97724864,26,2025-08-24,BOX,52,2
New Orleans,19492526,45,2025-08-17,BOX,110,5
Košice,37464375,84,2025-08-28,BOX,114,4
Košice,80655955,5,2025-08-28,BOX,149,4
Napoli,97539225,2,2025-08-16,BOX,45,5
Paris,98018344,80,2025-08-28,BOX,109,5
Kyoto,33451509,38,2025-08-19,BOX,26,4
Madrid,11685571,94,2025-08-29,BOX,21,3
Buenos Aires,92672362,97,2025-08-21,BOX,51,4
Billund,98397958,65,2025-08-18,BOX,107,3
Nairobi,54598736,11,2025-08-28,BOX,148,4
Napoli,91468175,87,2025-08-29,BOX,9,2
Chicago,62668917,11,2025-08-20,BOX,85,1
Napoli,74039479,100,2025-08-21,BOX,67,3
Chicago,50718994,41,2025-08-28,BOX,132,5
Las Vegas,19114005,34,2025-08-27,BOX,56,5
Billund,32392015,97,2025-08-25,BOX,136,4
Astana,18506990,19,2025-08-18,BOX,190,5
Buenos Aires,11685571,30,2025-08-24,BOX,33,3
Las Vegas,11685571,6,2025-08-22,BOX,161,1
New Orleans,26647973,70,2025-08-21,BOX,80,2
Kyoto,74039479,76,2025-08-29,BOX,148,2
Chicago,82752871,41,2025-08-19,BOX,45,5
Napoli,75831370,32,2025-08-21,BOX,128,5
Kyoto,82850786,68,2025-08-22,BOX,194,2
Las Vegas,93495675,83,2025-08-19,BOX,80,3
Las Vegas,85285127,88,2025-08-17,BOX,46,3
Paris,96737662,71,2025-08-23,BOX,68,1
Chicago,31275576,88,2025-08-18,BOX,154,5
Buenos Aires,17130808,71,2025-08-27,BOX,25,1
Kyoto,57595386,9,2025-08-22,BOX,166,3
Madrid,25318286,2,2025-08-29,BOX,126,3
Chicago,56502080,39,2025-08-28,BOX,23,2
Chicago,26647973,54,2025-08-18,BOX,75,2
Nairobi,97539225,61,2025-08-28,BOX,10,3
Brasília,39912456,35,2025-08-25,BOX,71,3
Nairobi,58635850,39,2025-08-16,BOX,10,4
Paris,61509747,64,2025-08-25,BOX,100,5
Las Vegas,54929034,77,2025-08-17,BOX,166,4
Chicago,71980475,8,2025-08-21,BOX,67,2
Madrid,11360917,50,2025-08-19,BOX,27,4
Las Vegas,46442583,48,2025-08-20,BOX,132,4
Astana,32443652,59,2025-08-20,BOX,187,4
Brasília,97539225,33,2025-08-23,BOX,22,5
Kyoto,77244724,27,2025-08-25,BOX,131,3
Kyoto,28343414,28,2025-08-21,BOX,103,5
Billund,54463973,82,2025-08-19,BOX,23,2
Madrid,82850786,24,2025-08-25,BOX,126,5
Napoli,71568423,52,2025-08-22,BOX,128,3
Las Vegas,81570333,14,2025-08-20,BOX,110,2
Las Vegas,22290264,86,2025-08-26,BOX,58,1
Billund,24740363,84,2025-08-29,BOX,147,1
Paris,24740363,41,2025-08-18,BOX,33,4
Kyoto,66513789,73,2025-08-18,BOX,155,3
Las Vegas,59428173,60,2025-08-29,BOX,186,5
Buenos Aires,46442583,72,2025-08-22,BOX,121,5
Hanoi,23855024,58,2025-08-17,BOX,133,5
Las Vegas,18402062,63,2025-08-26,BOX,47,4
Madrid,42903048,65,2025-08-19,BOX,168,3
Kyoto,12951182,4,2025-08-28,BOX,114,5
Košice,61157691,28,2025-08-27,BOX,44,5
New Orleans,92672362,51,2025-08-24,BOX,20,4
Chicago,56726926,19,2025-08-22,BOX,145,3
Astana,93495675,29,2025-08-23,BOX,127,4
Chicago,32443652,30,2025-08-18,BOX,81,3
Hanoi,75031949,11,2025-08-28,BOX,89,1
Napoli,90144431,9,2025-08-17,BOX,65,1
Brasília,18367499,73,2025-08-17,BOX,137,2
Madrid,96737662,78,2025-08-26,BOX,52,1
Astana,89307752,96,2025-08-18,BOX,133,3
Astana,66513789,47,2025-08-19,BOX,69,4
Astana,23855024,80,2025-08-23,BOX,26,4
Brasília,80074846,64,2025-08-26,BOX,130,1
Madrid,60942140,11,2025-08-26,BOX,147,2
Kyoto,71181554,35,2025-08-20,BOX,53,2
Kyoto,71980475,63,2025-08-25,BOX,200,3
Brasília,54463973,89,2025-08-25,BOX,28,2
Astana,11360917,21,2025-08-17,BOX,19,4
Brasília,23855024,87,2025-08-27,BOX,97,3
Paris,10421203,16,2025-08-19,BOX,72,2
Brasília,23792176,96,2025-08-16,BOX,184,5
Billund,15278256,19,2025-08-21,BOX,28,5
New Orleans,64344002,62,2025-08-24,BOX,86,5
Napoli,32400502,7,2025-08-24,BOX,154,4
Chicago,52504998,11,2025-08-26,BOX,13,3
Las Vegas,65595705,18,2025-08-24,BOX,115,2
New Orleans,54384969,77,2025-08-20,BOX,162,1
Napoli,30811180,16,2025-08-23,BOX,120,2
Hanoi,84783963,56,2025-08-23,BOX,55,4
Kyoto,52504998,84,2025-08-16,BOX,150,4
Nairobi,14334777,49,2025-08-23,BOX,148,3
Nairobi,78707598,95,2025-08-19,BOX,77,5
New Orleans,58635850,59,2025-08-26,BOX,139,3
Buenos Aires,51257229,49,2025-08-19,BOX,157,3
Brasília,95404043,39,2025-08-29,BOX,99,4
Madrid,71980475,20,2025-08-28,BOX,73,5
Madrid,91468175,26,2025-08-29,BOX,163,5
Buenos Aires,32392015,39,2025-08-16,BOX,145,1
New Orleans,62668917,93,2025-08-20,BOX,129,2
Las Vegas,74039479,60,2025-08-16,BOX,6,3
Astana,74024543,82,2025-08-29,BOX,18,1
Madrid,45686700,56,2025-08-18,BOX,90,5
Nairobi,69895697,19,2025-08-21,BOX,28,2
Madrid,81570333,43,2025-08-16,BOX,1,2
Chicago,31313114,25,2025-08-29,BOX,116,1
Nairobi,45686700,7,2025-08-24,BOX,106,1
Chicago,60445857,35,2025-08-24,BOX,30,2
Paris,32392015,55,2025-08-23,BOX,108,1
Chicago,89307752,53,2025-08-26,BOX,15,5
New Orleans,51683321,32,2025-08-16,BOX,8,4
Napoli,41848069,29,2025-08-27,BOX,165,4
Madrid,23863728,88,2025-08-29,BOX,113,3
Astana,18402062,79,2025-08-28,BOX,13,5
Hanoi,75831370,53,2025-08-21,BOX,35,2
Chicago,91468175,4,2025-08-19,BOX,72,1
Napoli,45615280,75,2025-08-20,BOX,148,1
Nairobi,11685571,91,2025-08-26,BOX,200,2
Chicago,39912456,87,2025-08-22,BOX,114,3
Paris,90667057,59,2025-08-19,BOX,156,1
Las Vegas,32443652,33,2025-08-24,BOX,192,5
Madrid,98397958,95,2025-08-24,BOX,161,5
Nairobi,84350729,74,2025-08-27,BOX,117,1
Brasília,56960374,70,2025-08-26,BOX,61,1
Nairobi,72603018,82,2025-08-25,BOX,66,3
Hanoi,41399863,35,2025-08-16,BOX,190,4
Nairobi,43944787,77,2025-08-25,BOX,146,4
Billund,20803508,32,2025-08-22,BOX,55,1
Brasília,42441663,25,2025-08-19,BOX,79,5
Hanoi,39912456,87,2025-08-21,BOX,177,1
Billund,48028821,5,2025-08-20,BOX,110,2
Paris,16681125,3,2025-08-26,BOX,96,1
